p10_annual_orec_exceedance,fixed_rec_price,bid_quantity_mwh,eligibility,renewable_technology,project_name,solicitation_name,generation_type,counterparty,developer_name,article_10_94c_case_number,county_province,project_status,contract_duration,zip_code,state_province,max_annual_contract_quantity,new_renewable_capacity_mw,data_through_date,bid_capacity_mw,georeference,permit_process,energy_storage_energy_capacity_mwh,energy_storage_power_capacity_mwac,second_article_10_or_94c_case_number,year_of_delivery_start_date,redc,nyiso_zone,index_rec_strike_price,interconnection_queue_number,type_of_existing,transmission_capacity_hvdc_,ptid,federal_permitting_mechanism,article_vii
,19.2,59743,Non-Tier 1,Land Based Wind,Bear Creek,916,,,,,,Completed,4,18101,Pennsylvania,68704,22,2024-01-30T00:00:00.000,,POINT (-75.47157 40.602005),,,,,2006,,,,,,,,,
,22.95,526800,Non-Tier 1,Land Based Wind,Maple Ridge,916,,,,,Lewis,Completed,10,13367,NY,605820,321,2024-01-30T00:00:00.000,,POINT (-75.489145 43.78851),,,,,2006,North Country,Mohawk Valley,,,,,,,
,1.6,978,Non-Tier 1,Hydroelectric,Browns Falls*,916,,,,,St Lawrence,Completed,1,13670,NY,1125,,2024-01-30T00:00:00.000,,POINT (-75.06606 44.19779),,,,,2006,North Country,Mohawk Valley,,,,,,,
,2.49,8917,Non-Tier 1,Hydroelectric,Higley Falls*,916,,,,,St Lawrence,Completed,1,13625,NY,10255,,2024-01-30T00:00:00.000,,POINT (-74.93936 44.55287),,,,,2006,North Country,Mohawk Valley,,,,,24057,,
,2.74,3115,Non-Tier 1,Hydroelectric,Spier Falls,916,,,,,Saratoga,Completed,10,12822,NY,3582,0.8,2024-01-30T00:00:00.000,,POINT (-73.8343632 43.2417323),,,,,2006,Capital Region,Capital,,,,,24058,,
,17.55,179316,Non-Tier 1,Land Based Wind,Altona,1037,,,,,Clinton,Completed,10,12910,NY,188282,102,2024-01-30T00:00:00.000,96.9,POINT (-73.65417 44.888405),,,,,2009,North Country,North,,,,,323606,,
,14.85,182590,Non-Tier 1,Land Based Wind,Bliss,1037,,,,,Wyoming,Completed,10,14024,NY,191720,100.5,2024-01-30T00:00:00.000,95.5,POINT (-78.254915 42.57816),,,,,2008,Finger Lakes,Genesee,,,,,323608,,
,17.75,204817,Non-Tier 1,Land Based Wind,Chateaugay Wind Farm,1037,,,,,Clinton,Completed,10,12920,NY,215058,106.5,2024-01-30T00:00:00.000,101.2,POINT (-74.07652 44.925855),,,,,2009,North Country,North,,,,,,,
,14.85,172140,Non-Tier 1,Land Based Wind,Clinton Wind,1037,,,,,Clinton,Completed,10,12962,NY,180747,100.5,2024-01-30T00:00:00.000,95.5,POINT (-73.5638682 44.6941568),,,,,2008,North Country,North,,,,,,,
,19.94,21247,Non-Tier 1,Land Based Wind,Cohocton,1037,,,,,Steuben,Completed,10,14826,NY,23372,87.5,2024-01-30T00:00:00.000,8.3,POINT (-77.5002615 42.4986438),,,,,2009,Southern Tier,Central,,,,,,,
,13.86,8513,Non-Tier 1,Land Based Wind,Dutch Hill,1037,,,,,Steuben,Completed,10,14826,NY,8513,37.5,2024-01-30T00:00:00.000,4.3,POINT (-77.5002615 42.4986438),,,,,2009,Southern Tier,Central,,,,,,,
,14.85,159410,Non-Tier 1,Land Based Wind,Ellenburg,1037,,,,,Clinton,Completed,10,12923,NY,167381,81,2024-01-30T00:00:00.000,77,POINT (-73.9322061 44.9552406),,,,,2008,North Country,North,,,,,,,
,8.5,1523,Non-Tier 1,Hydroelectric,Allens Falls,1037,,,,,St Lawrence,Completed,10,13676,NY,1675,0.3,2024-01-30T00:00:00.000,0.3,POINT (-74.982955 44.67295),,,,,2008,North Country,Mohawk Valley,,,,,24042,,
,8,1161,Non-Tier 1,Hydroelectric,Browns Falls,1037,,,,,St Lawrence,Completed,10,13670,NY,1277,0.4,2024-01-30T00:00:00.000,0.4,POINT (-75.06606 44.19779),,,,,2008,North Country,Mohawk Valley,,,,,24044,,
,8.25,4410,Non-Tier 1,Hydroelectric,Colton,1037,,,,,St Lawrence,Completed,10,13625,NY,4851,0.7,2024-01-30T00:00:00.000,0.7,POINT (-74.93936 44.55287),,,,,2008,North Country,Mohawk Valley,,,,,24057,,
,9,2892,Non-Tier 1,Hydroelectric,Eagle,1037,,,,,Lewis,Completed,10,13327,NY,3181,0.5,2024-01-30T00:00:00.000,0.5,POINT (-75.3877596 43.89345),,,,,2008,North Country,Mohawk Valley,,,,,10063,,
,9.97,5643,Non-Tier 1,Hydroelectric,East Norfolk,1037,,,,,St Lawrence,Completed,10,13667,NY,6207.30,0.9,2024-01-30T00:00:00.000,0.9,POINT (-74.9896725 44.8002742),,,,,2008,North Country,Mohawk Valley,,,,,24057,,
,9.95,10589,Non-Tier 1,Hydroelectric,Higley Falls,1037,,,,,St Lawrence,Completed,10,13625,NY,11648,1.9,2024-01-30T00:00:00.000,1.9,POINT (-74.93936 44.55287),,,,,2008,North Country,Mohawk Valley,,,,,24057,,
,9.96,6822,Non-Tier 1,Hydroelectric,Norfolk,1037,,,,,St Lawrence,Completed,10,13667,NY,7504,1.5,2024-01-30T00:00:00.000,1.5,POINT (-74.9896725 44.8002742),,,,,2008,North Country,Mohawk Valley,,,,,24057,,
,9.99,4207,Non-Tier 1,Hydroelectric,Norwood,1037,,,,,St Lawrence,Completed,10,13668,NY,4628,0.5,2024-01-30T00:00:00.000,0.5,POINT (-74.996245 44.74861),,,,,2008,North Country,Mohawk Valley,,,,,24057,,
,8.75,2688,Non-Tier 1,Hydroelectric,Oswego Falls,1037,,,,,Oswego,Completed,10,13069,NY,2957,0.6,2024-01-30T00:00:00.000,0.6,POINT (-76.41174 43.325035),,,,,2008,Central New York,Central,,,,,24041,,
,9.98,3291,Non-Tier 1,Hydroelectric,Raymondville,1037,,,,,St Lawrence,Completed,10,13667,NY,3620,0.7,2024-01-30T00:00:00.000,0.7,POINT (-74.9896725 44.8002742),,,,,2008,North Country,Mohawk Valley,,,,,24057,,
,17.75,57671,Non-Tier 1,Land Based Wind,Bellmont,1037,,,,,Franklin,Cancelled,10,12969,NY,63438,21,2024-01-30T00:00:00.000,19.95,POINT (-74.1372737 44.7030763),,,,,,North Country,North,,,,,,,
,11.99,180500,Non-Tier 1,Biomass,Niagara Generating Facility*,1037,,,,,Niagara,Completed,10,14304,NY,189525,26,2024-01-30T00:00:00.000,26,POINT (-78.96109 43.090764),,,,,2008,Western New York,West,,,,,,,
,16.94,14245,Non-Tier 1,Land Based Wind,Prattsburgh Windfarm,1037,,,,,Steuben,Cancelled,10,14873,NY,15670,55.5,2024-01-30T00:00:00.000,5.55,POINT (-77.2854541 42.5262895),,,,,,Southern Tier,Central,,,,,,,
,16.5,65700,Non-Tier 1,Land Based Wind,Cohocton*,1168,,,,,Steuben,Completed,10,14826,NY,65700,,2024-01-30T00:00:00.000,26.3,POINT (-77.5002615 42.4986438),,,,,2009,Southern Tier,Central,,,,,,,
,16.5,28200,Non-Tier 1,Land Based Wind,Dutch Hill*,1168,,,,,Steuben,Completed,10,14826,NY,28200,,2024-01-30T00:00:00.000,11.3,POINT (-77.5002615 42.4986438),,,,,2009,Southern Tier,Central,,,,,323617,,
,15.25,314572,Non-Tier 1,Land Based Wind,Wethersfield,1168,,,,,Wyoming,Completed,10,14066,NY,314572,126,2024-01-30T00:00:00.000,119.7,POINT (-78.13412 42.64708),,,,,2009,Finger Lakes,Genesee,,,,,323626,,
,9.99,1399,Non-Tier 1,Hydroelectric,Effley,1168,,,,,Lewis,Completed,10,13327,NY,1399,0.3,2024-01-30T00:00:00.000,0.3,POINT (-75.3877596 43.89345),,,,,2009,North Country,Mohawk Valley,,,,,24048,,
,20,26410,Non-Tier 1,Hydroelectric,High Falls,1168,,,,,,Completed,10,J0X2L,QC,26410,14.7,2024-01-30T00:00:00.000,14,,,,,,2009,,,,,,,,,
,9.98,385,Non-Tier 1,Hydroelectric,Piercefield,1168,,,,,St Lawrence,Completed,10,12973,NY,385,0.1,2024-01-30T00:00:00.000,0.1,POINT (-74.568065 44.23241),,,,,2009,North Country,North,,,,,24042,,
,16.5,40500,Non-Tier 1,Land Based Wind,Prattsburgh,1168,,,,,Steuben,Cancelled,10,14873,NY,40500,54,2024-01-30T00:00:00.000,16.2,POINT (-77.2854541 42.5262895),,,,,,Southern Tier,Central,,,,,,,
,13.99,19292,Non-Tier 1,Hydroelectric,Sherman Island,1168,,,,,Warren,Completed,10,12804,NY,19292,4.7,2024-01-30T00:00:00.000,4.5,POINT (-73.678785 43.33471),,,,,2009,Capital Region,Capital,,,,,,,
,19.25,28500,Non-Tier 1,Biomass,AES Greenidge,1168,,,,,Yates,Completed,3,14527,NY,28500,4,2024-01-30T00:00:00.000,,POINT (-77.05514 42.660715),,,,,2009,Finger Lakes,Central,,,,,,,
,15.5,121508,Non-Tier 1,Land Based Wind,Hardscrabble,1681,,,,,Herkimer,Completed,10,13416,NY,121508,74,2024-01-30T00:00:00.000,43.7,POINT (-75.0152971 43.1886557),,,,,2011,Mohawk Valley,Mohawk Valley,,,,,,,
,9.49,21885,Non-Tier 1,Hydroelectric,School Street,1681,,,,,Albany,Completed,10,12047,NY,21885,5.2,2024-01-30T00:00:00.000,4.9,POINT (-73.7045184 42.7728676),,,,,2011,Capital Region,Capital,,,,,24059,,
,9.24,11609,Non-Tier 1,Hydroelectric,Stewarts Bridge Hydro (Upgrade),1681,,,,,Saratoga,Completed,10,12822,NY,11609,2.9,2024-01-30T00:00:00.000,2.76,POINT (-73.8343632 43.2417323),,,,,2011,Capital Region,Capital,,,,,24058,,
,13.85,5625,Non-Tier 1,Biogas - LFG,Albany 1,1851,,,,,Albany,Completed,10,12205,NY,5625,0.9,2024-01-30T00:00:00.000,0.86,POINT (-73.79864 42.694925),,,,,2011,Capital Region,Capital,,,,,323615,,
,21.5,74141,Non-Tier 1,Land Based Wind,Hardscrabble Wind Energy Project,1851,,,,,Herkimer,Completed,10,13416,NY,74141,0,2024-01-30T00:00:00.000,26.64,POINT (-75.0152971 43.1886557),,,,,2011,Mohawk Valley,Mohawk Valley,,,,,,,
,18.5,228200,Non-Tier 1,Land Based Wind,High Sheldon,1851,,,,,Wyoming,Completed,10,14145,NY,228200,112.5,2024-01-30T00:00:00.000,106.9,POINT (-78.4487301 42.7018621),,,,,2012,Finger Lakes,West,,,,,,,
,17.5,19000,Non-Tier 1,Hydroelectric,Mechanicville,1851,,,,,Saratoga,Completed,10,12118,NY,19000,4.5,2024-01-30T00:00:00.000,4.28,POINT (-73.6917352 42.9054478),,,,,2011,Capital Region,Capital,,,,,,,
,20,37430,Non-Tier 1,Land Based Wind,Steel Winds II,1851,,,,,Erie,Completed,10,14218,NY,37430,15,2024-01-30T00:00:00.000,14,POINT (-78.82654 42.820135),,,,,2012,Western New York,West,,,,,323693,,
,19.5,11677,Non-Tier 1,Hydroelectric,Stuyvesant Falls,1851,,,,,Columbia,Completed,10,12173,NY,11677,6,2024-01-30T00:00:00.000,5.7,POINT (-73.78091 42.39024),,,,,2013,Capital Region,Capital,,,,,,,
,14.62,684,Non-Tier 1,Hydroelectric,Taylorville Hydro,1851,,,,,Lewis,Completed,10,13327,NY,684,0.1,2024-01-30T00:00:00.000,0.1,POINT (-75.3877596 43.89345),,,,,2011,North Country,Mohawk Valley,,,,,24048,,
,20,474,Non-Tier 1,Hydroelectric,Wappingers Falls,1851,,,,,Dutchess,Completed,10,12590,NY,474,0.12,2024-01-30T00:00:00.000,0.11,POINT (-73.915605 41.597195),,,,,2011,Mid-Hudson,Hudson Valley,,,,,,,
,19.75,10491,Non-Tier 1,Hydroelectric,Stewarts Bridge,2226,,,,,Saratoga,Completed,10,12822,NY,10491,2.6,2024-01-30T00:00:00.000,2.49,POINT (-73.8343632 43.2417323),,,,,2013,Capital Region,Capital,,,,,24058,,
,14.95,22340,Non-Tier 1,Biogas - LFG,Albany 2,2226,,,,,Albany,Completed,10,12205,NY,22340,3.2,2024-01-30T00:00:00.000,3,POINT (-73.79864 42.694925),,,,,2012,Capital Region,Capital,,,,,323615,,
,25,1900,Non-Tier 1,Hydroelectric,Black Brook,2226,,,,,Clinton,Completed,10,12912,NY,1900,0.64,2024-01-30T00:00:00.000,0.61,POINT (-73.67739 44.444075),,,,,2011,North Country,Mohawk Valley,,,,,,,
,25,11209,Non-Tier 1,Biogas - LFG,Chautauqua LFGE,2226,,,,,Chautauqua,Completed,10,14701,NY,11209,8,2024-01-30T00:00:00.000,2.11,POINT (-79.238355 42.099115),,,,,2011,Western New York,West,,,,,323629,,
,26,19178,Non-Tier 1,Biogas - LFG,DANC,2226,,,,,Jefferson,Completed,10,13682,NY,19178,4.8,2024-01-30T00:00:00.000,4,POINT (-75.93664 43.852315),,,,,2011,North Country,Mohawk Valley,,,,,,,
,17.5,115184,Non-Tier 1,Land Based Wind,Howard,2226,,,,,Steuben,Completed,10,14823,NY,115184,51.25,2024-01-30T00:00:00.000,46.13,POINT (-77.605625 42.26788),,,,,2012,Southern Tier,Central,,,,,323690,,
,20.49,15396,Non-Tier 1,Biogas - LFG,Hyland LFGE,2226,,,,,Allegany,Completed,10,14709,NY,15396,4.8,2024-01-30T00:00:00.000,2.2,POINT (-78.022205 42.30784),,,,,2011,Western New York,Genesee,,,,,,,
,20.44,581510,Non-Tier 1,Land Based Wind,Marble River,2226,,,,,Clinton,Completed,10,12923,NY,581510,215.25,2024-01-30T00:00:00.000,204.49,POINT (-73.9322061 44.9552406),,,,,2012,North Country,North,,,,,323696,,
,26,17232,Non-Tier 1,Biogas - LFG,Ontario,2226,,,,,Ontario,Completed,10,14561,NY,17232,6.4,2024-01-30T00:00:00.000,3,POINT (-77.135405 42.79881),,,,,2011,Finger Lakes,Central,,,,,,,
,20.89,279103,Non-Tier 1,Land Based Wind,Orangeville,2226,,,,,Wyoming,Operational,10,14569,NY,279103,92.8,2024-01-30T00:00:00.000,88.16,POINT (-78.1325852 42.740665),,,,,2014,Finger Lakes,Central,,,,,323706,,
,26,46664,Non-Tier 1,Biogas - LFG,Seneca,2226,,,,,Seneca,Completed,10,13165,NY,46664,12.8,2024-01-30T00:00:00.000,5.85,POINT (-76.8627782 42.9013852),,,,,2011,Finger Lakes,Central,,,,,,,
,26,20306,Non-Tier 1,Biogas - LFG,Modern,2226,,,,,Niagara,Completed,10,14174,NY,20306,6.4,2024-01-30T00:00:00.000,,POINT (-79.04468 43.250665),,,,,2011,Western New York,West,,,,,,,
,22,900,Non-Tier 1,Hydroelectric,Wave Hydro,2226,,,,,Onondaga,Cancelled,10,13027,NY,900,0.95,2024-01-30T00:00:00.000,0.33,POINT (-76.29835 43.18518),,,,,,Central New York,Central,,,,,,,
,28.5,9849,Non-Tier 1,Land Based Wind,Howard (Expansion),2389,,,,,Steuben,Completed,10,14823,NY,9849,4.1,2024-01-30T00:00:00.000,3.9,POINT (-77.605625 42.26788),,,,,2013,Southern Tier,Central,,,,,323690,,
,20.25,986,Non-Tier 1,Hydroelectric,Mill Street Dam,2389,,,,,Cayuga,Operational,10,13021,NY,986,0.22,2024-01-30T00:00:00.000,0.23,POINT (-76.56687 42.9355),,,,,2014,Central New York,Central,,,,,,,
,33,324045,Non-Tier 1,Biomass,Black River,2389,,,,,Jefferson,Operational,10,13602,NY,324045,43.26,2024-01-30T00:00:00.000,41.1,POINT (-75.768535 44.029755),,,,,2013,North Country,Mohawk Valley,,,,,23780,,
,24.99,6275,Non-Tier 1,Biogas - LFG,Clinton Co.,2389,,,,,Clinton,Completed,10,12962,NY,6275,6.4,2024-01-30T00:00:00.000,1.28,POINT (-73.5638682 44.6941568),,,,,2012,North Country,North,,,,,,,
,14.98,47402,Non-Tier 1,Biogas - LFG,Community Refuse LFG,2389,,,,,,Completed,10,17257,Pennsylvania,47402,6.4,2024-01-30T00:00:00.000,6.08,POINT (-77.519335 40.05105),,,,,2012,,,,,,,,,
,16.98,54093,Non-Tier 1,Land Based Wind,Locust Ridge,2389,,,,,,Completed,10,19087,Pennsylvania,54093,26,2024-01-30T00:00:00.000,24.7,POINT (-75.4612477 40.0743198),,,,,2012,,,,,,,PJM,,
,30,4750,Non-Tier 1,Biogas - ADG,Niagara BioEnergy,2554,New,,,,Niagara,Operational,10,14304,NY,4750,0.85,2024-01-30T00:00:00.000,0.81,POINT (-78.96109 43.090764),,,,,2019,Western New York,West,,,,,,,
,32.22,6325,Non-Tier 1,Fuel Cell,"401 Fieldcrest Dr. Elmsford, NY 10523",2554,,,,,Westchester,Operational,10,10523,NY,6325,0.8,2024-01-30T00:00:00.000,0.76,POINT (-73.817175 41.05446),,,,,2015,Mid-Hudson,Dunwoodie,,,,,,,
,29.95,1264,Non-Tier 1,Fuel Cell,ATT Clean Energy Project - Rego Park,2554,,,,,Queens,Operational,10,11374,NY,1264,0.2,2024-01-30T00:00:00.000,0.19,POINT (-73.8626827 40.7270469),,,,,2015,New York City,New York City,,,,,,,
,24,3847,Non-Tier 1,Land Based Wind,Henkel US Operations Corp - Geneva Facility,2554,,,,,Ontario,Operational,10,14456,NY,3847,3.3,2024-01-30T00:00:00.000,3.14,POINT (-76.983615 42.87351),,,,,2013,Finger Lakes,Central,,,,,,,
,37,6359,Non-Tier 1,Land Based Wind,Howard*,2554,,,,,Steuben,Operational,10,14823,NY,6359,,2024-01-30T00:00:00.000,2.55,POINT (-77.605625 42.26788),,,,,2013,Southern Tier,Central,,,,,323690,,
,30,1606,Non-Tier 1,Fuel Cell,Stop and Shop Clean Energy Project - Mt. Vernon,2554,,,,,Westchester,Operational,10,10550,NY,1606,0.26,2024-01-30T00:00:00.000,0.25,POINT (-73.837705 40.91064),,,,,2015,Mid-Hudson,Dunwoodie,,,,,,,
,39.95,40894,Non-Tier 1,Land Based Wind,Black Oak,2554,New,,,,Tompkins,Cancelled,10,14867,NY,40894,12.6,2024-01-30T00:00:00.000,11.97,POINT (-76.55499 42.38683),,,,,,Southern Tier,Central,,,,,,,
,33,27463,Non-Tier 1,Land Based Wind,Cody Road,2554,New,,,,Madison,Cancelled,10,13035,NY,27463,10,2024-01-30T00:00:00.000,9.5,POINT (-75.85363 42.93284),,,,,,Central New York,Central,,,,,,,
,36.95,52526,Non-Tier 1,Land Based Wind,Marsh Hill,2554,,,,,Steuben,Operational,10,14855,NY,52526,16.2,2024-01-30T00:00:00.000,15.39,POINT (-77.507045 42.125255),,,,,2014,Southern Tier,Central,,,,,323713,,
,25,4199,Non-Tier 1,Hydroelectric,Rio,2554,,,,,Sullivan,Completed,10,12737,NY,4199,0.8,2024-01-30T00:00:00.000,0.76,POINT (-74.8164663 41.5177014),,,,,2014,Mid-Hudson,Hudson Valley,,,,,,,
,30,4750,Tier 1,Biogas - ADG,Buffalo BioEnergy,2554,New,Sustainable BioPower LLC,Quasar Energy Group,,Erie,Operational,10,14224,NY,4750,1.24,2024-01-30T00:00:00.000,1.24,POINT (-78.753835 42.835045),,,,,2017,Western New York,West,,,,,N/A,,
,29.95,4216,Non-Tier 1,Fuel Cell,ATT Clean Energy Project - 400 Hamilton A,2554,,,,,Westchester,Cancelled,10,10601,NY,4216,0.5,2024-01-30T00:00:00.000,0.5,POINT (-73.766102 41.0311413),,,,,,Mid-Hudson,Dunwoodie,,,,,,,
,29.95,8432,Non-Tier 1,Fuel Cell,ATT Clean Energy Project - 400 Hamilton B,2554,,,,,Westchester,Cancelled,10,10601,NY,8432,1,2024-01-30T00:00:00.000,1.05,POINT (-73.766102 41.0311413),,,,,,Mid-Hudson,Dunwoodie,,,,,,,
,21.75,229873,Tier 1,Land Based Wind,Arkwright Summit,2985,New,Arkwright Summit Wind Farm LLC,EDP Renewables,,Chautauqua,Operational,20,14063,NY,229873,78.4,2024-01-30T00:00:00.000,75.58,POINT (-79.33261 42.44417),,,,,2020,Western New York,West,,,,,323751,,
,24.5,206272,Tier 1,Land Based Wind,Jericho Rise,2985,New,"Jericho Rise Wind Farm, LLC",EDP Renewables,,Franklin,Operational,20,12920,NY,206272,77.7,2024-01-30T00:00:00.000,73.81,POINT (-74.07652 44.925855),,,,,2019,North Country,North,,,,,323719,,
,14.55,3819,Tier 1,Hydroelectric,Fulton Unit 2,3084,New,Erie Boulevard Hydropower LP,Brookfield Renewable,,Oswego,Operational,20,13069,NY,3819,0.45,2024-01-30T00:00:00.000,0.45,POINT (-76.41174 43.325035),SEQR,,,,2018,Central New York,Central,,583,,,24041,,
,20,6324,Tier 1,Fuel Cell,Morgan Stanley Headquarters,3084,New,"MS Financing, LLC",Morgan Stanley,,New York,Operational,20,10036,NY,6324,0.79,2024-01-30T00:00:00.000,0.75,POINT (-73.98707 40.7586),SEQR,,,,2016,New York City,New York City,,,,,N/A,,
,,269877,Tier 1,Land Based Wind,Ball Hill,3084,New,"Ball Hill Wind Energy, LLC",Northland Power,,Chautauqua,Operational,20,14062,NY,323852,100,2024-01-30T00:00:00.000,100,POINT (-79.173575 42.470185),SEQR,,,,2023,Western New York,West,69.55,505,,,323825,,
,22.5,27409,Tier 1,Hydroelectric,Lyons Falls Mill Hydro,3084,,,,,Lewis,Cancelled,20,13368,NY,27409,5.51,2024-01-30T00:00:00.000,5.23,POINT (-75.3653622 43.6197333),,,,,,North Country,Mohawk Valley,,,,,,,
,25,75686,Tier 1,Biogas - ADG,NYC Biogas,3084,,,,,Richmond,Cancelled,20,10307,NY,75686,9.6,2024-01-30T00:00:00.000,9.12,POINT (-74.24093 40.511325),,,,,,New York City,New York City,,,,,,,
,14.84,1975,Tier 1,Hydroelectric,Belfort Unit 3,3257,Existing,Erie Boulelvard Hydropower LP,Brookfield Renewable,,Lewis,Operational,19,13327,NY,1975,0.36,2024-01-30T00:00:00.000,0.34,POINT (-75.3877596 43.89345),SEQR,,,,2016,North Country,Mohawk Valley,,,Upgrade,,24048,,
,15.08,6968,Tier 1,Hydroelectric,Fulton Unit 1,3257,Existing,Erie Boulevard Hydropower LP,Brookfield Renewable,,Oswego,Operational,20,13069,NY,6968,0.87,2024-01-30T00:00:00.000,0.87,POINT (-76.41174 43.325035),SEQR,,,,2018,Central New York,Central,,583,Upgrade,,24041,,
,15,32166,Tier 1,Hydroelectric,Glen Park,3257,Existing,"Black River Hydroelectric, LLC",Cube Hydro,,Jefferson,Operational,20,13601,NY,32166,7.18,2024-01-30T00:00:00.000,6.82,POINT (-75.9049969 43.9757948),SEQR,,,,2016,North Country,Mohawk Valley,,,Upgrade,,23778,,
,22.5,1959,Tier 1,Hydroelectric,North Division Street Dam Hydroelectric Facility,3257,Existing,City of Auburn,City of Auburn,,Cayuga,Operational,20,13021,NY,1959,0.58,2024-01-30T00:00:00.000,0.55,POINT (-76.56687 42.9355),SEQR,,,,2018,Central New York,Mohawk Valley,,,Upgrade,,5015,,
,6.4,6442,Tier 1,Fuel Cell,Regen DG Project,3257,New,Bloom Energy Corp,Bloom Energy Corp,,Westchester,Operational,20,10591,NY,6442,1.58,2024-01-30T00:00:00.000,1,POINT (-73.8613837 41.0804691),SEQR,,,,2018,Mid-Hudson,Dunwoodie,,,,,N/A,,
,25,4794,Tier 1,Hydroelectric,Swinging Bridge,3257,Existing,"Eagle Creek Hydro Power, LLC",Eagle Creek Hydro Power,,Sullivan,Operational,20,12737,NY,4794,2.18,2024-01-30T00:00:00.000,2.07,POINT (-74.8164663 41.5177014),SEQR,,,,2020,Mid-Hudson,Hudson Valley,,696,Upgrade,,23641,,
,9.5,827,Tier 1,Hydroelectric,Tannery Island - Tannery Island Hydro,3257,Existing,Ampersand Tannery Island Hydro LLC,Ampersand Energy Partners,,Jefferson,Operational,20,13619,NY,827,0.17,2024-01-30T00:00:00.000,0.16,POINT (-75.6114334 43.9800463),SEQR,,,,2016,North Country,Mohawk Valley,,,Upgrade,,23633,,
,,36084,Tier 1,Solar,Coeymans Solar,3257,New,Hecate Energy Albany 1 LLC,Greenbacker Renewable Energy Corporation,http://documents.dps.ny.gov/public/MatterManagement/CaseMaster.aspx?MatterCaseNo=17-F-0617,Albany,Under Development,20,12158,NY,43300,20,2024-01-30T00:00:00.000,20,POINT (-73.804098 42.5347655),Article 10,,,,2023,Capital Region,Capital,75.82,570,,,323833,,
,,36084,Tier 1,Solar,Greene County 1,3257,New,Hecate Energy Greene 1 LLC,Greenbacker Renewable Energy Corporation,http://documents.dps.ny.gov/public/MatterManagement/CaseMaster.aspx?MatterCaseNo=17-F-0619,Greene,Under Development,20,12051,NY,43300,20,2024-01-30T00:00:00.000,20,POINT (-73.8001552 42.3480669),Article 10,,,,2024,Capital Region,Hudson Valley,88.04,570,,,,,
,,18042,Tier 1,Solar,Greene County 2,3257,New,Hecate Energy Greene 2 LLC,Greenbacker Renewable Energy Corporation,http://documents.dps.ny.gov/public/MatterManagement/CaseMaster.aspx?MatterCaseNo=17-F-0619,Greene,Under Development,20,12051,NY,21650,10,2024-01-30T00:00:00.000,10,POINT (-73.8001552 42.3480669),Article 10,,,,2024,Capital Region,Hudson Valley,88.04,570,,,,,
,26.91,85699,Tier 1,Solar,Hecate Energy Greene County 1,3257,New,Hecate Energy New York LLC,Hecate Energy,http://documents.dps.ny.gov/public/MatterManagement/CaseMaster.aspx?MatterCaseNo=17-F-0617,Greene,Cancelled,20,12051,NY,85699,49.99,2024-01-30T00:00:00.000,47.49,POINT (-73.8001552 42.3480669),Article 10,,,http://documents.dps.ny.gov/public/MatterManagement/CaseMaster.aspx?MatterCaseNo=17-F-0619,,Capital Region,Hudson Valley,,570,,,,,
,10,324,Non-Tier 1,Hydroelectric,Burt Dam Incremental Hydro,3257,Existing,,,,Niagara,Operational,19,14028,NY,324,0.09,2024-01-30T00:00:00.000,0.08,POINT (-78.7130158 43.3184626),SEQR,,,,2016,Western New York,West,,,Upgrade,,,,
,,313825,Tier 1,Land Based Wind,Eight Point Wind,3257,New,Eight Point Wind LLC,NextEra Energy Resources,http://documents.dps.ny.gov/public/MatterManagement/CaseMaster.aspx?MatterCaseNo=16-F-0062,Steuben,Operational,20,14877,NY,376590,111.2,2024-01-30T00:00:00.000,101.2,POINT (-77.6619234 42.0821269),Article 10,,,,2023,Southern Tier,Central,70.8,422,,,323820,,
,,278500,Tier 1,Land Based Wind,Number Three Wind Farm,3257,New,Number Three Wind LLC,Invenergy,http://documents.dps.ny.gov/public/MatterManagement/CaseMaster.aspx?MatterCaseNo=16-F-0328,Lewis,Operational,20,13367,NY,334200,103.9,2024-01-30T00:00:00.000,105.8,POINT (-75.489145 43.78851),Article 10,,,,2023,North Country,Mohawk Valley,74.96,531,,,323818,,
4550000,,,OREC,Offshore Wind,Empire Wind,ORECRFP18-1,New,,Equinor Wind US LLC,,,Under Development,25,,,,816,2024-01-30T00:00:00.000,816,,Article 7,,,,2026,,,,,,,,https://www.permits.performance.gov/permitting-project/empire-wind-energy-project,https://documents.dps.ny.gov/public/MatterManagement/CaseMaster.aspx?MatterSeq=65825&MNO=21-T-0366
4419800,,,OREC,Offshore Wind,Sunrise Wind,ORECRFP18-1,New,,Orsted A/S and Eversource Energy,,,Under Development,25,,,,924,2024-01-30T00:00:00.000,924,,Article 7,,,,2025,,,,,,,,https://www.permits.performance.gov/permitting-project/sunrise-wind-farm,https://documents.dps.ny.gov/public/MatterManagement/CaseMaster.aspx?Mattercaseno=20-T-0617
6018100,,,OREC,Offshore Wind,Beacon Wind,ORECRFP20-1,New,,Equinor Wind US LLC,,,Cancelled,25,,,,1230.00,2024-01-30T00:00:00.000,1230.00,,Article 7,,,,2028,,,,,,,,,https://documents.dps.ny.gov/public/MatterManagement/CaseMaster.aspx?MatterSeq=68175
5765100,,,OREC,Offshore Wind,Empire Wind 2,ORECRFP20-1,New,,Equinor Wind US LLC,,,Cancelled,25,,,,1260.00,2024-01-30T00:00:00.000,1260.00,,Article 7,,,,,,,,,,,,https://www.permits.performance.gov/permitting-project/empire-wind-energy-project,https://documents.dps.ny.gov/public/MatterManagement/CaseMaster.aspx?MatterCaseNo=22-T-0346&CaseSearch=Search
,25,27493,Tier 1,Solar,Blue Stone Solar,RESRFP17-1,New,"Blue Stone Solar, LLC","National Grid Renewables, LLC",,Ulster,Cancelled,20,12477,NY,32991,19.99,2024-01-30T00:00:00.000,19.99,POINT (-73.94911 42.07687),SEQR,,,,,Mid-Hudson,Hudson Valley,,621,,,,,
,,37649,Tier 1,Solar,Little Pond Solar,RESRFP17-1,New,"Little Pond Solar, LLC",Greenbacker Renewable Energy Corporation,,Orange,"Cancelled, subject to providing replacement contract security",20,12780,NY,45178,19.99,2024-01-30T00:00:00.000,19.99,POINT (-74.7313772 41.4071965),SEQR,,,,,Mid-Hudson,Hudson Valley,81.97,575,,,,,
,22.5,32184,Tier 1,Solar,Rising Solar,RESRFP17-1,New,Rising Solar LLC,"National Grid Renewables, LLC",,Orange,Cancelled,20,10990,NY,38619,20,2024-01-30T00:00:00.000,20,POINT (-74.358345 41.25477),SEQR,,,,,Mid-Hudson,Hudson Valley,,,,,,,
,,33884,Tier 1,Solar,Rock District Solar,RESRFP17-1,New,"Rock District Solar, LLC",Greenbacker Renewable Energy Corporation,https://orespermits.ny.gov/Public/MatterManagement/CaseMaster.aspx?MatterSeq=64957&MNO=23-00033,Schoharie,"Cancelled, subject to providing replacement contract security",20,12043,NY,40660,19.99,2024-01-30T00:00:00.000,19.99,POINT (-74.484745 42.68013),94-C,,,,,Mohawk Valley,Capital,76.2,564,,,,,
,,37106,Tier 1,Solar,Tayandenega Solar,RESRFP17-1,New,"Tayandenega Solar, LLC",Greenbacker Renewable Energy Corporation,,Montgomery,"Cancelled, subject to providing replacement contract security",20,13452,NY,44527,19.99,2024-01-30T00:00:00.000,19.99,POINT (-74.6003928 43.0448856),SEQR,,,,,Mohawk Valley,Capital,72.61,565,,,,,
,,36248,Tier 1,Solar,Sky High Solar,RESRFP17-1,New,"Sky High Solar, LLC",Boralex,,Onondaga,"Cancelled, subject to providing replacement contract security",20,13159,NY,43497,19.99,2024-01-30T00:00:00.000,19.99,POINT (-76.109945 42.79665),SEQR,,,,,Central New York,Central,74.06,545,,,,,
,,36774,Tier 1,Solar,Darby Solar,RESRFP17-1,New,"Darby Solar, LLC",MN8 Energy,,Washington,Operational,20,12154,NY,44128,19.99,2024-01-30T00:00:00.000,19.99,POINT (-73.585035 42.90228),SEQR,,,,2023,Capital Region,Capital,76.57,730,,,323810,,
,,109631,Tier 1,Solar,East Point Energy Center,RESRFP17-1,New,"East Point Energy Center, LLC",NextEra Energy Resources,http://documents.dps.ny.gov/public/MatterManagement/CaseMaster.aspx?MatterCaseNo=17-f-0599,Schoharie,Under Development,20,13459,NY,131557,50,2024-01-30T00:00:00.000,50,POINT (-74.61747 42.7916711),Article 10,,,,2023,Mohawk Valley,Capital,78.68,619,,,,,
,,174412,Tier 1,Solar,Flint Mine Solar,RESRFP17-1,New,"Flint Mine Solar, LLC",D. E. Shaw Renewable Investments,http://documents.dps.ny.gov/public/MatterManagement/CaseMaster.aspx?MatterCaseNo=18-F-0087,Greene,Under Development,20,12051,NY,209294,100,2024-01-30T00:00:00.000,100,POINT (-73.8001552 42.3480669),Article 10,,,,2026,Capital Region,Hudson Valley,88.64,637,,,,,
,,167141,Tier 1,Solar,High River Energy Center,RESRFP17-1,New,"High River Energy Center, LLC",NextEra Energy Resources,http://documents.dps.ny.gov/public/MatterManagement/CaseMaster.aspx?MatterCaseNo=17-F-0597,Montgomery,Under Development,20,12010,NY,200569,90,2024-01-30T00:00:00.000,90,POINT (-74.19217 42.94523),Article 10,,,,2024,Mohawk Valley,Capital,69.88,618,,,,,
,,35898,Tier 1,Solar,Janis Solar,RESRFP17-1,New,"Janis Solar, LLC",MN8 Energy,,Cortland,Operational,20,13040,NY,43077,19.99,2024-01-30T00:00:00.000,19.99,POINT (-75.9017453 42.5418885),SEQR,,,,2023,Central New York,Central,75.91,768,,,323808,,
,19.5,2039,Tier 1,Solar,Java Solar Energy Center,RESRFP17-1,New,Java Energy LLC,Invenergy,,Wyoming,Cancelled,20,14009,NY,2446,1.53,2024-01-30T00:00:00.000,1.53,POINT (-78.4190273 42.5329786),SEQR,,,,,Finger Lakes,West,,"12,380",,,,,
,23,35022,Tier 1,Solar,Magruder Solar,RESRFP17-1,New,"Magruder Solar, LLC",CS Energy,,Ulster,Cancelled,20,12525,NY,42026,19.99,2024-01-30T00:00:00.000,19.99,POINT (-74.15087 41.680775),SEQR,,,,,Mid-Hudson,Hudson Valley,,744,,,,,
,,40503,Tier 1,Solar,Pattersonville,RESRFP17-1,New,Pattersonville Solar Facility LLC,MN8 Energy,,Schenectady,Under Development,20,12137,NY,48603,19.99,2024-01-30T00:00:00.000,19.99,POINT (-74.1391242 42.8267127),SEQR,,,,2023,Capital Region,Capital,74.55,638,,,,,
,,35548,Tier 1,Solar,Regan Solar,RESRFP17-1,New,"Regan Solar, LLC",MN8 Energy,,Montgomery,Operational,20,12068,NY,42657,19.99,2024-01-30T00:00:00.000,19.99,POINT (-74.3809823 42.9573634),SEQR,,,,2023,Mohawk Valley,Capital,79.18,748,,,323812,,
,,977474,Tier 1,Land Based Wind,Alle-Catt Wind Farm,RESRFP17-1,New,Alle-Catt Wind Energy LLC,Invenergy,http://documents.dps.ny.gov/public/MatterManagement/CaseMaster.aspx?MatterCaseNo=17-F-0282,Cattaraugus,"Cancelled, subject to providing replacement contract security",20,14009,NY,1172968,339.78,2024-01-30T00:00:00.000,339.78,POINT (-78.4190273 42.5329786),Article 10,,,,,Western New York,West,65.62,596,,,,,
,22.75,748174,Tier 1,Land Based Wind,Baron Winds,RESRFP17-1,New,Baron Winds LLC,RWE,http://documents.dps.ny.gov/public/MatterManagement/CaseMaster.aspx?MatterCaseNo=15-f-0122,Steuben,Cancelled,20,14826,NY,897808,272,2024-01-30T00:00:00.000,272,POINT (-77.5002615 42.4986438),Article 10,,,,,Southern Tier,Central,,396,,,,,
,,272706,Tier 1,Land Based Wind,Baron Winds II,RESRFP17-1,New,Baron Winds II LLC,RWE,http://documents.dps.ny.gov/public/MatterManagement/CaseMaster.aspx?MatterCaseNo=15-f-0122,Steuben,"Cancelled, subject to providing replacement contract security",20,14826,NY,327247,112.5,2024-01-30T00:00:00.000,112.5,POINT (-77.5002615 42.4986438),Article 10,,,,,Southern Tier,Central,69.62,396,,,,,
,,392644,Tier 1,Land Based Wind,Bluestone Wind,RESRFP17-1,New,"Bluestone Wind, LLC",Northland Power,http://documents.dps.ny.gov/public/MatterManagement/CaseMaster.aspx?MatterCaseNo=16-F-0559,Broome,Operational,20,13865,NY,471172,111.8,2024-01-30T00:00:00.000,121.8,POINT (-75.64285 42.07653),Article 10,6.2,6.2,,2023,Southern Tier,Mohawk Valley,67.72,579,,,323821,,
,,26149,Tier 1,Solar,Greene County Energy Properties,RESRFP17-1,New,"Greene County Energy Properties, LLC",Green County Energy Partners,,Greene,Under Development,20,12042,NY,31378,19.9,2024-01-30T00:00:00.000,19.9,POINT (-73.889996339 42.39780656),SEQR,,,,2024,Capital Region,Hudson Valley,91.09,577,,,,,
,,111164,Tier 1,Solar,Shepherd's Run Solar,RESRFP17-1,New,Hecate Energy Columbia County 1 LLC,Hecate Energy,https://documents.dps.ny.gov/public/MatterManagement/CaseMaster.aspx?MatterCaseNo=21-02553,Columbia,"Cancelled, subject to providing replacement contract security",20,12521,NY,133396,60,2024-01-30T00:00:00.000,60,POINT (-73.59207 42.14765),94-C,,,,,Capital Region,Capital,70.01,644,,,,,
,,354417,Tier 1,Land Based Wind,Baron Winds I,RESRFP17-1,New,Baron Winds LLC,RWE,http://documents.dps.ny.gov/public/MatterManagement/CaseMaster.aspx?MatterCaseNo=15-f-0122,Steuben,Operational,20,14826,NY,425300,121.8,2024-01-30T00:00:00.000,121.8,POINT (-77.5002615 42.4986438),Article 10,,,,2023,Southern Tier,Central,69.62,396,,,323822,,
,,38472,Tier 1,Solar,Branscomb Solar,RESRFP17-1,New,"Branscomb Solar, LLC",MN8 Energy,,Washington,Operational,20,12834,NY,46166,20,2024-01-30T00:00:00.000,19.99,POINT (-73.50078 43.091155),SEQR,,,,2022,Capital Region,Capital,78,731,,,323811,,
,25.5,32103,Tier 1,Solar,Double Lock Solar,RESRFP17-1,New,"Double Lock Solar, LLC",Cypress Creek Renewables,,Montgomery,Cancelled,20,13339,NY,38523,19.99,2024-01-30T00:00:00.000,19.39,POINT (-74.6269854 42.9297647),,,,,,Mohawk Valley,Capital,,,,,,,
,,33972,Tier 1,Solar,Grissom Solar,RESRFP17-1,New,"Grissom Solar, LLC",MN8 Energy,,Montgomery,Operational,20,12095,NY,40766,20,2024-01-30T00:00:00.000,19.99,POINT (-74.370365 43.001485),SEQR,,,,2023,Mohawk Valley,Capital,81.05,682,,,323813,,
,17.9,20062,Tier 1,Hydroelectric,Lyons Falls Mill Redevelopment,RESRFP17-1,Existing,"Northbrook Lyons Falls, LLC",Kruger Energy,,Lewis,Cancelled,20,13368,NY,24074,3.28,2024-01-30T00:00:00.000,3.28,POINT (-75.3653622 43.6197333),,,,,,North Country,Mohawk Valley,,,Upgrade,,,,
,,33271,Tier 1,Solar,Puckett Solar,RESRFP17-1,New,"Puckett Solar, LLC",MN8 Energy,,Chenango,Operational,20,13746,NY,39925,20,2024-01-30T00:00:00.000,19.99,POINT (-75.845965 42.239925),SEQR,,,,2022,Southern Tier,Central,78.08,775,,,323809,,
,27,32613,Tier 1,Solar,Sunny Knoll Solar,RESRFP17-1,New,,,,Schoharie,Cancelled,20,12157,NY,39135,19.99,2024-01-30T00:00:00.000,19.39,POINT (-74.3084437 42.6656806),,,,,,Mohawk Valley,Capital,,,,,,,
,,368971,Tier 1,Solar,Horseshoe Solar,RESRFP18-1,New,Horseshoe Solar Energy LLC,Invenergy,https://documents.dps.ny.gov/public/MatterManagement/CaseMaster.aspx?MatterCaseNo=21-02480&CaseSearch=Search,Livingston,"Cancelled, subject to providing replacement contract security",20,14423,NY,442765,180,2024-01-30T00:00:00.000,180,POINT (-77.8498331 42.9703172),94-C,,,,,Finger Lakes,Genesee,70.57,710,,,,,
,,40223,Tier 1,Solar,Manchester Solar,RESRFP18-1,New,SunEast Manchester Solar LLC,SunEast Development LLC,,Ontario,"Cancelled, subject to providing replacement contract security",20,14432,NY,48267,19.99,2024-01-30T00:00:00.000,19.99,POINT (-77.13683 42.96328),SEQR,,,,,Finger Lakes,Central,67.41,913,,,,,
,,37999,Tier 1,Solar,SED Dog Corners Solar,RESRFP18-1,New,SunEast Dog Corners Solar LLC,SunEast Development LLC,,Cayuga,"Cancelled, subject to providing replacement contract security",20,13026,NY,45598,19.99,2024-01-30T00:00:00.000,19.99,POINT (-76.6981612 42.7509846),SEQR,,,,,Central New York,Central,67.13,584,,,,,
,,37999,Tier 1,Solar,SED Hills Solar,RESRFP18-1,New,SunEast Hills Solar LLC,SunEast Development LLC,,Herkimer,"Cancelled, subject to providing replacement contract security",20,13365,NY,45598,19.99,2024-01-30T00:00:00.000,19.99,POINT (-74.860045 43.0444),SEQR,,,,,Mohawk Valley,Mohawk Valley,66.67,581,,,,,
,,35022,Tier 1,Solar,SED Skyline Solar,RESRFP18-1,New,SunEast Skyline Solar LLC,SunEast Development LLC,,Oneida,"Cancelled, subject to providing replacement contract security",20,13476,NY,42026,19.99,2024-01-30T00:00:00.000,19.99,POINT (-75.54118 43.079),SEQR,,,,,Mohawk Valley,Mohawk Valley,68.64,670,,,,,
,,37999,Tier 1,Solar,SED Watkins Road Solar 1,RESRFP18-1,New,SunEast Watkins Solar 1 LLC,SunEast Development LLC,,Herkimer,"Cancelled, subject to providing replacement contract security",20,13340,NY,45598,19.99,2024-01-30T00:00:00.000,19.99,POINT (-75.068965 43.033565),SEQR,,,,,Mohawk Valley,Mohawk Valley,66.87,586,,,,,
,,38200,Tier 1,Solar,Silver Lake Solar,RESRFP18-1,New,Silver Lake Solar LLC,AES Corporation,,Wyoming,Cancelled,20,14530,NY,45840,24.99,2024-01-30T00:00:00.000,24.99,POINT (-78.00098 42.71946),SEQR,,,,,Finger Lakes,Central,75.12,629,,,,,
,18.45,35022,Tier 1,Solar,SunEast Clay Solar,RESRFP18-1,New,SunEast Clay Solar LLC,SunEast Development LLC,,Onondaga,Cancelled,20,13041,NY,42026,19.99,2024-01-30T00:00:00.000,19.99,POINT (-76.1433636 43.1635353),SEQR,,,,,Central New York,Central,,669,,,,,
,,27703,Tier 1,Solar,Bakerstand Solar 1,RESRFP18-1,New,Bakerstand Solar LLC,Olivewood Energy Development,,Cattaraugus,"Cancelled, subject to providing replacement contract security",20,14737,NY,33243,19.99,2024-01-30T00:00:00.000,19.99,POINT (-78.45721 42.33914),SEQR,,,,,Western New York,West,71.31,667,,,,,
,,32396,Tier 1,Solar,ELP Stillwater Solar,RESRFP18-1,New,ELP Stillwater Solar LLC,MN8 Energy,,Saratoga,Under Development,20,12118,NY,38875,19.99,2024-01-30T00:00:00.000,19.99,POINT (-73.6917352 42.9054478),SEQR,,,,2023,Capital Region,Capital,75.32,735,,,,,
,,591615,Tier 1,Solar,Excelsior Energy Center - Solar + Storage 2,RESRFP18-1,New,"Excelsior Energy Center, LLC",NextEra Energy Resources,http://documents.dps.ny.gov/public/MatterManagement/CaseMaster.aspx?MatterCaseNo=19-F-0299&submit=Search,Genesee,"Cancelled, subject to providing replacement contract security",20,14422,NY,709938,280,2024-01-30T00:00:00.000,280,POINT (-78.063825 43.0796792),Article 10,80,20,,,Finger Lakes,Genesee,66.3,721,,,,,
,,200321,Tier 1,Solar,Mohawk Solar,RESRFP18-1,New,Mohawk Solar LLC,Avangrid Renewables,http://documents.dps.ny.gov/public/MatterManagement/CaseMaster.aspx?MatterCaseNo=17-F-0182,Montgomery,"Cancelled, subject to providing replacement contract security",20,13317,NY,240385,90.5,2024-01-30T00:00:00.000,90.5,POINT (-74.571155 42.90138),Article 10,,,,,Mohawk Valley,Capital,65.39,495,,,,,
,,319920,Tier 1,Solar,Morris Ridge Solar,RESRFP18-1,New,"Morris Ridge Solar Energy Center, LLC",EDF Renewables Development,http://documents.dps.ny.gov/public/MatterManagement/CaseMaster.aspx?MatterCaseNo=21-00025&CaseSearch=Search,Livingston,Under Development,20,14510,NY,383904,177,2024-01-30T00:00:00.000,177,POINT (-77.87418 42.72316),94-C,,,,2025,Finger Lakes,Central,72.06,717,,,,,
,,156629,Tier 1,Solar,Trelina Solar Energy Center,RESRFP18-1,New,Trelina Energy Center LLC,NextEra Energy Resources,http://documents.dps.ny.gov/public/MatterManagement/CaseMaster.aspx?MatterSeq=59765&MNO=19-F-0366,Seneca,"Cancelled, subject to providing replacement contract security",20,13165,NY,187955,80,2024-01-30T00:00:00.000,80,POINT (-76.8627782 42.9013852),Article 10,,,,,Finger Lakes,Central,67.52,720,,,,,
,,106784,Tier 1,Solar,Watkins Glen Solar Energy Center,RESRFP18-1,New,"Watkins Glen Solar Energy Center, LLC",NextEra Energy Resources,http://documents.dps.ny.gov/public/MatterManagement/CaseMaster.aspx?MatterCaseNo=21-01069&CaseSearch=Search,Schuyler,"Cancelled, subject to providing replacement contract security",20,14891,NY,128140,50,2024-01-30T00:00:00.000,50,POINT (-76.87248 42.378765),94-C,,,,,Southern Tier,Central,67.2,617,,,,,
,22,10342,Tier 1,Solar,Hannacroix Solar Facility,RESRFP18-1,New,Hannacroix Solar Facility LLC,Teichos Energy,,Greene,Cancelled,20,12087,NY,12410,4.99,2024-01-30T00:00:00.000,4.99,POINT (-73.8889424 42.4209431),SEQR,,,,,Capital Region,Hudson Valley,,"8,360",,,,,
,,393100,Tier 1,Land Based Wind,Heritage Wind,RESRFP18-1,New,Heritage Wind LLC,Apex Clean Energy,http://documents.dps.ny.gov/public/MatterManagement/CaseMaster.aspx?MatterCaseNo=21-00026,Orleans,"Cancelled, subject to providing replacement contract security",20,14411,NY,471720,147,2024-01-30T00:00:00.000,147,POINT (-78.193475 43.243405),94-C,,,,,Finger Lakes,Genesee,67.01,571,,,,,
,,308737,Tier 1,Land Based Wind,High Bridge Wind and Battery,RESRFP18-1,New,"High Bridge Wind, LLC",Northland Power,http://documents.dps.ny.gov/public/MatterManagement/CaseMaster.aspx?MatterCaseNo=18-f-0262,Chenango,"Cancelled, subject to providing replacement contract security",20,13780,NY,370484,99,2024-01-30T00:00:00.000,99,POINT (-75.491405 42.405655),Article 10,20,5,,,Southern Tier,Mohawk Valley,67.27,706,,,,,
,,894221,Tier 1,Land Based Wind,Canisteo Wind & Storage,RESRFP18-1,New,,Invenergy,http://documents.dps.ny.gov/public/MatterManagement/CaseMaster.aspx?MatterCaseNo=16-F-0205,Steuben,Cancelled,20,14855,NY,1073065,290,2024-01-30T00:00:00.000,290,POINT (-77.507045 42.125255),,,,,,Southern Tier,Central,,,,,,,
,,229329,Tier 1,Land Based Wind,Roaring Brook Wind,RESRFP18-1,New,PPM Roaring Brook LLC,Avangrid Renewables,,Lewis,Operational,20,13404,NY,275194,79.73,2024-01-30T00:00:00.000,77.7,POINT (-75.46908482 43.737220922),SEQR,,,,2021,North Country,Mohawk Valley,66.37,546,,,323790,,
,,36248,Tier 1,Solar,SunEast Fairway Solar,RESRFP19-1,New,SunEast Fairway Solar LLC,SunEast Development LLC,,St Lawrence,"Cancelled, subject to providing replacement contract security",20,13669,NY,43497,19.99,2024-01-30T00:00:00.000,19.99,POINT (-75.48625 44.69457),SEQR,,,,,North Country,Mohawk Valley,62.85,848,,,,,
,,36423,Tier 1,Solar,SunEast Flat Hill Solar,RESRFP19-1,New,SunEast Flat Hill Solar LLC,SunEast Development LLC,,Herkimer,"Cancelled, subject to providing replacement contract security",20,13365,NY,43707,19.99,2024-01-30T00:00:00.000,19.99,POINT (-74.860045 43.0444),SEQR,,,,,Mohawk Valley,Mohawk Valley,63.72,865,,,,,
,,36949,Tier 1,Solar,SunEast Grassy Knoll Solar,RESRFP19-1,New,SunEast Grassy Knoll Solar LLC,SunEast Development LLC,,Herkimer,"Cancelled, subject to providing replacement contract security",20,13365,NY,44338,19.99,2024-01-30T00:00:00.000,19.99,POINT (-74.860045 43.0444),SEQR,,,,,Mohawk Valley,Mohawk Valley,63.58,885,,,,,
,,31361,Tier 1,Solar,SunEast Highview Solar,RESRFP19-1,New,SunEast Highview Solar LLC,SunEast Development LLC,,Wyoming,"Cancelled, subject to providing replacement contract security",20,14530,NY,37633,20,2024-01-30T00:00:00.000,20,POINT (-78.00098 42.71946),SEQR,,,,,Finger Lakes,West,63.38,591,,,,,
,,38175,Tier 1,Solar,SunEast Hilltop Solar,RESRFP19-1,New,SunEast Hilltop Solar LLC,SunEast Development LLC,,Rensselaer,"Cancelled, subject to providing replacement contract security",20,12154,NY,45810,19.99,2024-01-30T00:00:00.000,19.99,POINT (-73.585035 42.90228),SEQR,,,,,Capital Region,Capital,64.35,807,,,,,
,,36073,Tier 1,Solar,SunEast Limestone Solar,RESRFP19-1,New,SunEast Limestone Solar LLC,SunEast Development LLC,,Fulton,"Cancelled, subject to providing replacement contract security",20,12070,NY,43287,19.99,2024-01-30T00:00:00.000,19.99,POINT (-74.2326 42.9567),SEQR,,,,,Mohawk Valley,Capital,63.72,806,,,,,
,,145066,Tier 1,Solar,SunEast Tabletop Solar,RESRFP19-1,New,SunEast Tabletop Solar LLC,SunEast Development LLC,,Montgomery,"Cancelled, subject to providing replacement contract security",20,13339,NY,174079,80,2024-01-30T00:00:00.000,80,POINT (-74.6269854 42.9297647),94-C,,,,,Mohawk Valley,Capital,60.4,869,,,,,
,,37124,Tier 1,Solar,SunEast Valley Solar,RESRFP19-1,New,SunEast Valley Solar LLC,SunEast Development LLC,,Tioga,"Cancelled, subject to providing replacement contract security",20,13827,NY,44548,19.99,2024-01-30T00:00:00.000,19.99,POINT (-76.26612 42.105545),SEQR,,,,,Southern Tier,Central,63.07,828,,,,,
,,33446,Tier 1,Solar,Bald Mountain Solar,RESRFP19-1,New,Bald Mountain Solar LLC,Boralex,,Washington,"Cancelled, subject to providing replacement contract security",20,12834,NY,40135,19.99,2024-01-30T00:00:00.000,19.99,POINT (-73.50078 43.091155),SEQR,,,,,Capital Region,Capital,65.1,855,,,,,
,,36798,Tier 1,Solar,ELP Ticonderoga Solar,RESRFP19-1,New,ELP Ticonderoga Solar LLC,VC Renewables Holdings LLC,,Essex,Under Development,20,12883,NY,44157,19.99,2024-01-30T00:00:00.000,19.99,POINT (-73.4278717 43.8488221),SEQR,,,,2024,North Country,Capital,72.19,734,,,,,
,,194472,Tier 1,Solar,Greens Corners Solar,RESRFP19-1,New,Greens Corners Solar LLC,Boralex,https://documents.dps.ny.gov/public/MatterManagement/CaseMaster.aspx?MatterCaseNo=21-00982&CaseSearch=Search,Jefferson,"Cancelled, subject to providing replacement contract security",20,13601,NY,233366,120,2024-01-30T00:00:00.000,120,POINT (-75.9049969 43.9757948),94-C,,,,,North Country,Mohawk Valley,64.21,864,,,,,
,,33096,Tier 1,Solar,Martin Rd Solar,RESRFP19-1,New,"Martin Rd Solar, LLC",Olivewood Energy Development,,Cattaraugus,"Cancelled, subject to providing replacement contract security",20,14101,NY,39715,19.99,2024-01-30T00:00:00.000,19.99,POINT (-78.4903887 42.4241089),94-C,,,,,Western New York,West,68.8,666,,,,,
,,37649,Tier 1,Solar,Sandy Creek Solar,RESRFP19-1,New,Sandy Creek Solar LLC,Boralex,,Jefferson,"Cancelled, subject to providing replacement contract security",20,13605,NY,45178,19.99,2024-01-30T00:00:00.000,19.99,POINT (-76.024125 43.808985),SEQR,,,,,North Country,Mohawk Valley,66.51,843,,,,,
,,404449,Tier 1,Solar,South Ripley Solar and Storage,RESRFP19-1,New,ConnectGen Chautauqua County LLC,ConnectGen,https://documents.dps.ny.gov/public/MatterManagement/CaseMaster.aspx?MatterCaseNo=21-00750&CaseSearch=Search,Chautauqua,"Cancelled, subject to providing replacement contract security",20,14775,NY,485338,270,2024-01-30T00:00:00.000,270,POINT (-79.70987 42.26388),94-C,80,20,,,Western New York,West,66.95,783,,,,,
,,33446,Tier 1,Solar,West River Solar,RESRFP19-1,New,West River Solar LLC,Boralex,,Saratoga,"Cancelled, subject to providing replacement contract security",20,12831,NY,40135,19.99,2024-01-30T00:00:00.000,19.99,POINT (-73.76468 43.134105),SEQR,,,,,Capital Region,Capital,65.18,,,,,,
,,453768,Tier 1,Solar,Garnet Energy Center Storage 1,RESRFP19-1,New,"Garnet Energy Center, LLC",NextEra Energy Resources,http://documents.dps.ny.gov/public/MatterManagement/CaseMaster.aspx?Mattercaseno=20-F-0043,Cayuga,"Cancelled, subject to providing replacement contract security",20,13140,NY,544521,200,2024-01-30T00:00:00.000,200,POINT (-76.6261736 43.0355882),Article 10,80,20,,,Central New York,Genesee,69.21,883,,,,,
,,367394,Tier 1,Solar,North Side Energy Center,RESRFP19-1,New,"North Side Energy Center, LLC",NextEra Energy Resources,http://documents.dps.ny.gov/public/MatterManagement/CaseMaster.aspx?MatterCaseNo=17-F-0598&submit=Search,St Lawrence,Under Development,20,13662,NY,440872,180,2024-01-30T00:00:00.000,180,POINT (-74.88778 44.93404),Article 10,,,,2025,North Country,North,66.57,620,,,,,
,18.5,97083,Tier 1,Land Based Wind,Cohocton Wind Project,RESRFP19-1,Existing,"Canandaigua Power Partners, LLC",Brookfield Renewable,,Steuben,Operational,20,14826,NY,116499,37.09,2024-01-30T00:00:00.000,35.75,POINT (-77.5002615 42.4986438),SEQR,,,,2022,Southern Tier,Central,,,Upgrade,,323617,,
,18.5,14362,Tier 1,Land Based Wind,Steel Winds Wind Farm,RESRFP19-1,Existing,"Niagara Wind Power, LLC",Brookfield Renewable,,Erie,Operational,20,14218,NY,17234,5.84,2024-01-30T00:00:00.000,4.78,POINT (-78.82654 42.820135),SEQR,,,,2022,Western New York,West,,234,Upgrade,,323596,,
,18.5,7707,Tier 1,Land Based Wind,Steel Winds Wind Farm 2,RESRFP19-1,Existing,"Erie Wind, LLC",Brookfield Renewable,,Erie,Operational,20,14218,NY,9248,4.4,2024-01-30T00:00:00.000,2.57,POINT (-78.82654 42.820135),SEQR,,,,2021,Western New York,West,,234,Upgrade,,323693,,
,,449651,Tier 1,Land Based Wind,Prattsburgh Wind Farm,RESRFP19-1,New,"Prattsburgh Wind, LLC",Terra-Gen,https://documents.dps.ny.gov/public/MatterManagement/CaseMaster.aspx?MatterCaseNo=21-00749,Steuben,"Cancelled, subject to providing replacement contract security",20,14873,NY,539581,145,2024-01-30T00:00:00.000,145,POINT (-77.2854541 42.5262895),94-C,,,,,Southern Tier,Central,71.59,801,,,,,
,,208516,Tier 1,Solar,Rutland Center Solar 1,RESRFP20-1,New,"Rutland Center Solar 1, LLC",Cypress Creek Renewables,,Jefferson,"Cancelled, subject to providing replacement contract security",20,13601,NY,250219,110.2,2024-01-30T00:00:00.000,110.2,POINT (-75.9049969 43.9757948),94-C,,,,,North Country,Mohawk Valley,51.17,"1,077",,,,,
,,39225,Tier 1,Solar,SunEast Augustus Solar,RESRFP20-1,New,SunEast Augustus Solar LLC,SunEast Development LLC,,Oneida,"Cancelled, subject to providing replacement contract security",20,13425,NY,47070,19.99,2024-01-30T00:00:00.000,19.99,POINT (-75.4632174 42.9377832),SEQR,,,,,Mohawk Valley,Mohawk Valley,59.8,935,,,,,
,,415224,Tier 1,Solar,SunEast Flat Creek Solar,RESRFP20-1,New,SunEast Flat Creek Solar LLC,SunEast Development LLC,,Montgomery,"Cancelled, subject to providing replacement contract security",20,12166,NY,498269,200,2024-01-30T00:00:00.000,200,POINT (-74.5107117 42.8898869),94-C,,,,,Mohawk Valley,Capital,55.95,"1,089",,,,,
,,38175,Tier 1,Solar,SunEast Flat Stone Solar,RESRFP20-1,New,SunEast Flat Stone Solar LLC,SunEast Development LLC,,Oneida,"Cancelled, subject to providing replacement contract security",20,13478,NY,45810,19.99,2024-01-30T00:00:00.000,19.99,POINT (-75.58285 43.13375),SEQR,,,,,Mohawk Valley,Mohawk Valley,62.5,"1,000",,,,,
,,38875,Tier 1,Solar,SunEast Kingbird Solar,RESRFP20-1,New,SunEast Kingbird Solar LLC,SunEast Development LLC,,Chautauqua,"Cancelled, subject to providing replacement contract security",20,14048,NY,46650,19.99,2024-01-30T00:00:00.000,19.99,POINT (-79.33407 42.483225),SEQR,,,,,Western New York,West,59.35,"1,098",,,,,
,,41502,Tier 1,Solar,SunEast Transit Solar,RESRFP20-1,New,SunEast Transit Solar LLC,SunEast Development LLC,,Genesee,"Cancelled, subject to providing replacement contract security",20,14143,NY,49802,19.99,2024-01-30T00:00:00.000,19.99,POINT (-78.07613 43.00417),SEQR,,,,,Finger Lakes,West,59.25,"1,051",,,,,
,,394200,Tier 1,Solar,Harvest Hills Solar (Formerly Milliken Solar),RESRFP20-1,New,ConnectGen Cayuga County LLC,ConnectGen,,Cayuga,"Cancelled, subject to providing replacement contract security",20,13071,NY,473040,200,2024-01-30T00:00:00.000,200,POINT (-76.53266 42.667895),94-C,,,,,Central New York,Central,47.7,"1,088",,,,,
,,497130,Tier 1,Solar,Mill Point Solar,RESRFP20-1,New,ConnectGen Montgomery County LLC,ConnectGen,http://documents.dps.ny.gov/public/MatterManagement/CaseMaster.aspx?MatterCaseNo=23-00034,Montgomery,"Cancelled, subject to providing replacement contract security",20,12072,NY,596556,250,2024-01-30T00:00:00.000,250,POINT (-74.36571 42.94743),94-C,,,,,Mohawk Valley,Mohawk Valley,44.55,"1,031",,,,,
,,40276,Tier 1,Solar,Dolan Solar,RESRFP20-1,New,"Dolan Solar, LLC",CS Energy,,Washington,"Cancelled, subject to providing replacement contract security",20,12828,NY,48331,19.99,2024-01-30T00:00:00.000,19.99,POINT (-73.5839133 43.2702767),SEQR,,,,,Capital Region,Capital,59.85,833,,,,,
,,39400,Tier 1,Solar,Hawthorn Solar,RESRFP20-1,New,"Hawthorn Solar, LLC",CS Energy,,Rensselaer,"Cancelled, subject to providing replacement contract security",20,12090,NY,47280,19.99,2024-01-30T00:00:00.000,19.99,POINT (-73.3526221 42.9020816),SEQR,,,,,Capital Region,Capital,60.45,832,,,,,
,,168718,Tier 1,Solar,Homer Solar Energy Center,RESRFP20-1,New,"Homer Solar Energy Center, LLC",EDF Renewables Development,http://documents.dps.ny.gov/public/MatterManagement/CaseMaster.aspx?MatterCaseNo=21-00976&CaseSearch=Search,Cortland,"Cancelled, subject to providing replacement contract security",20,13045,NY,202461,90,2024-01-30T00:00:00.000,90,POINT (-76.18184 42.600225),94-C,,,,,Central New York,Central,59.96,276,,,,,
,,183568,Tier 1,Solar,Moraine Solar Energy Center,RESRFP20-1,New,Moraine Solar Energy LLC,EDF Renewables Development,https://documents.dps.ny.gov/public/MatterManagement/CaseMaster.aspx?MatterCaseNo=22-00024&CaseSearch=Search,Allegany,"Cancelled, subject to providing replacement contract security",20,14807,NY,220281,93.55,2024-01-30T00:00:00.000,93.55,POINT (-77.691555 42.39448),94-C,20,5,,,Western New York,Central,58.83,716,,,,,
,,37649,Tier 1,Solar,Somers Solar,RESRFP20-1,New,"Somers Solar, LLC",CS Energy,,Washington,"Cancelled, subject to providing replacement contract security",20,12828,NY,45179,19.99,2024-01-30T00:00:00.000,19.99,POINT (-73.5839133 43.2702767),SEQR,,,,,Capital Region,Capital,61.45,"1,015",,,,,
,,236634,Tier 1,Solar,Tracy Solar Energy Center,RESRFP20-1,New,"Tracy Solar Energy Center, LLC",EDF Renewables Development,https://documents.dps.ny.gov/public/MatterManagement/CaseMaster.aspx?MatterCaseNo=21-00962&CaseSearch=Search,Jefferson,"Cancelled, subject to providing replacement contract security",20,13656,NY,283960,119,2024-01-30T00:00:00.000,119,POINT (-75.965465 44.19553),94-C,20,5,,,North Country,Mohawk Valley,60.69,774,,,,,
,,258508,Tier 1,Solar,Alabama Solar Park,RESRFP20-1,New,"Alabama Solar Park, LLC",EDPR,,Genesee,Cancelled,20,14125,NY,310209,130,2024-01-30T00:00:00.000,130,POINT (-78.2716069 43.0667926),94-C,80,20,,,Finger Lakes,Genesee,,995,,,,,
,,928560,Tier 1,Solar,Cider Solar Farm,RESRFP20-1,New,Hecate Energy Cider Solar LLC,Hecate Energy,https://documents.dps.ny.gov/public/MatterManagement/CaseMaster.aspx?MatterCaseNo=21-01108,Genesee,"Cancelled, subject to providing replacement contract security",20,14058,NY,1114272,500,2024-01-30T00:00:00.000,500,POINT (-78.1866858 43.0803912),94-C,,,,,Finger Lakes,West,52.4,811,,,,,
,,40822,Tier 1,Solar,Clear View Solar,RESRFP20-1,New,Clear View Solar LLC,Oriden Power,,Steuben,Cancelled,20,14808,NY,48986,20,2024-01-30T00:00:00.000,19.99,POINT (-77.4742866 42.5552273),SEQR,,,,,Southern Tier,Central,43.23,"1,003",,,,,
,,31052,Tier 1,Solar,Great Gully Solar Farm (formerly Delight Farm),RESRFP20-1,New,"Great Gully Solar Farm, LLC",AES Distributed Energy,,Cayuga,Cancelled,20,13160,NY,37262,16.8,2024-01-30T00:00:00.000,16.8,POINT (-76.68782 42.841655),SEQR,,,,,Central New York,Central,,"1,060",,,,,
,,40626,Tier 1,Solar,Hatchery Solar,RESRFP20-1,New,Hatchery Solar LLC,Oriden Power,,Livingston,Cancelled,20,14423,NY,48751,19.99,2024-01-30T00:00:00.000,19.99,POINT (-77.8498331 42.9703172),SEQR,,,,,Finger Lakes,Central,43.64,932,,,,,
,,43603,Tier 1,Solar,Highbanks Solar,RESRFP20-1,New,Highbanks Solar LLC,Oriden Power,,Livingston,Cancelled,20,14510,NY,52323,19.99,2024-01-30T00:00:00.000,19.99,POINT (-77.87418 42.72316),SEQR,,,,,Finger Lakes,Central,41.77,863,,,,,
,,381936,Tier 1,Solar,Orleans Solar,RESRFP20-1,New,Orleans Solar LLC,Community Energy,,Orleans,Cancelled,20,14103,NY,458323,200,2024-01-30T00:00:00.000,200,POINT (-78.39127 43.21902),94-C,,,,,Finger Lakes,Genesee,,950,,,,,
,,5999,Tier 1,Hydroelectric,Chasm Falls,RESRFP20-1,Existing,Ampersand Chasm Falls Hydro LLC,Ampersand Hydro,,Franklin,Operational,20,12920,NY,7199,1.6,2024-01-30T00:00:00.000,1.6,POINT (-74.07652 44.925855),SEQR,,,,2022,North Country,North,55.75,,Return to Service,,5016,,
,,181332,Tier 1,Solar,Bear Ridge Solar,RESRFP21-1,New,"Bear Ridge Solar, LLC",Cypress Creek Renewables,https://documents.dps.ny.gov/public/MatterManagement/CaseMaster.aspx?MatterCaseNo=21-02104&CaseSearch=Search,Niagara,Cancelled,20,14094,NY,217598,100,2024-01-30T00:00:00.000,100,POINT (-78.69168 43.16942),94-C,,,,,Western New York,West,,704,,,,,
,,193596,Tier 1,Solar,SunEast Flat Creek Solar II,RESRFP21-1,New,SunEast Flat Creek Solar LLC,SunEast Development LLC,,Montgomery,Cancelled,20,12166,NY,232315,100,2024-01-30T00:00:00.000,100,POINT (-74.5107117 42.8898869),94-C,,,,,Mohawk Valley,Capital,,"1,115",,,,,
,,32167,Tier 1,Solar,SunEast Scipio Solar,RESRFP21-1,New,SunEast Scipio Solar LLC,SunEast Development LLC,,Cayuga,Cancelled,20,13147,NY,38600,18,2024-01-30T00:00:00.000,18,POINT (-76.55607 42.738835),SEQR,,,,,Central New York,Central,,590,,,,,
,,38369,Tier 1,Solar,Easton Solar Farm,RESRFP21-1,New,Easton Solar LLC,Boralex,,Washington,Cancelled,20,12834,NY,46042,20,2024-01-30T00:00:00.000,20,POINT (-73.50078 43.091155),SEQR,,,,,Capital Region,Capital,,"1,035",,,,,
,,41327,Tier 1,Solar,ELP Rotterdam Solar,RESRFP21-1,New,ELP Rotterdam Solar LLC,VC Renewables Holdings LLC,,Schenectady,Cancelled,20,12137,NY,49592,19.99,2024-01-30T00:00:00.000,19.99,POINT (-74.1391242 42.8267127),94-C,,,,,Capital Region,Capital,,"1,038",,,,,
,,35898,Tier 1,Solar,ELP Stuyvesant Solar,RESRFP21-1,New,ELP Stuyvesant Solar LLC,VC Renewables Holdings LLC,,Columbia,Cancelled,20,12173,NY,43077,19.99,2024-01-30T00:00:00.000,19.99,POINT (-73.78091 42.39024),SEQR,,,,,Capital Region,Capital,,"1,171",,,,,
,,75336,Tier 1,Solar,Foothills Solar Farm,RESRFP21-1,New,Foothills Solar LLC,Boralex,,Fulton,Cancelled,20,12117,NY,90403,40,2024-01-30T00:00:00.000,40,POINT (-74.2690485 43.1081085),94-C,,,,,Mohawk Valley,Capital,,"1,182",,,,,
,,473040,Tier 1,Solar,Fort Covington Solar Farm,RESRFP21-1,New,Fort Covington Solar LLC,Boralex,,Franklin,Cancelled,20,12937,NY,567648,250,2024-01-30T00:00:00.000,250,POINT (-74.4947386 44.9898559),94-C,308,77,,,North Country,North,,"1,183",,,,,
,,192720,Tier 1,Solar,Fort Edward Solar Farm,RESRFP21-1,New,Fort Edward Solar LLC,Boralex,,Washington,Cancelled,20,12828,NY,231264,100,2024-01-30T00:00:00.000,100,POINT (-73.5839133 43.2702767),94-C,,,,,Capital Region,Capital,,"1,042",,,,,
,,202356,Tier 1,Solar,Harvest Hills Solar 2,RESRFP21-1,New,ConnectGen Cayuga County LLC,ConnectGen,,Cayuga,Cancelled,20,13071,NY,242827,100,2024-01-30T00:00:00.000,100,POINT (-76.53266 42.667895),94-C,,,,,Central New York,Central,,"1,238",,,,,
,,197100,Tier 1,Solar,Mill Point Solar 2,RESRFP21-1,New,ConnectGen Montgomery County LLC,ConnectGen,,Montgomery,Cancelled,20,12072,NY,236520,100,2024-01-30T00:00:00.000,100,POINT (-74.36571 42.94743),94-C,,,,,Mohawk Valley,Mohawk Valley,,"1,231",,,,,
,,86198,Tier 1,Solar,Moss Ridge Solar,RESRFP21-1,New,"Moss Ridge Solar 1, LLC","New Leaf Energy, Inc.",,St Lawrence,Cancelled,20,13681,NY,103437,60,2024-01-30T00:00:00.000,60,POINT (-75.393365 44.41561),94-C,,,,,North Country,Mohawk Valley,,"1,150",,,,,
,,244842,Tier 1,Solar,Newport Solar Farm,RESRFP21-1,New,Newport Deerfield Solar LLC,Boralex,,Oneida,Cancelled,20,13502,NY,293810,130,2024-01-30T00:00:00.000,130,POINT (-75.2472726 43.1010822),94-C,,,,,Mohawk Valley,Mohawk Valley,,"1,178",,,,,
,,39397,Tier 1,Solar,Roosevelt Solar,RESRFP21-1,New,Emeren US LLC,Emeren Group Ltd.,,St Lawrence,Cancelled,20,13662,NY,47276,19.9,2024-01-30T00:00:00.000,19.9,POINT (-74.88778 44.93404),SEQR,8,2,,,North Country,North,,"1,212",,,,,
,,40296,Tier 1,Solar,Scotch Ridge Solar,RESRFP21-1,New,"Scotch Ridge Solar, LLC",Nexamp,,Schenectady,Cancelled,20,12056,NY,48355,20,2024-01-30T00:00:00.000,20,POINT (-74.1321236 42.7626158),94-C,,,,,Capital Region,Capital,,"1,227",,,,,
,,646926,Tier 1,Solar,Columbia Solar Energy Center,RESRFP21-1,New,"Columbia Solar Energy Center, LLC",EDF Renewables Development,http://documents.dps.ny.gov/public/MatterManagement/CaseMaster.aspx?MatterCaseNo=19-F-0639,Herkimer,Cancelled,20,13357,NY,776311,350,2024-01-30T00:00:00.000,350,POINT (-75.043565 43.014355),94-C,80,20,,,Mohawk Valley,Mohawk Valley,,857,,,,,
,,456221,Tier 1,Solar,Rich Road Solar Energy Center,RESRFP21-1,New,"Rich Road Solar Energy Center, LLC",EDF Renewables Development,https://orespermits.ny.gov/Public/MatterManagement/CaseMaster.aspx?MatterSeq=64955&MNO=22-00031,St Lawrence,Cancelled,20,13617,NY,547465,240,2024-01-30T00:00:00.000,240,POINT (-75.1666049 44.5958034),94-C,80,20,,,North Country,Mohawk Valley,,800,,,,,
,,665322,Tier 1,Solar,Ridge View Solar Energy Center,RESRFP21-1,New,"Ridge View Solar Energy Center, LLC",EDF Renewables Development,http://documents.dps.ny.gov/public/MatterManagement/CaseMaster.aspx?MatterCaseNo=19-F-0641,Niagara,Cancelled,20,14067,NY,798386,350,2024-01-30T00:00:00.000,350,POINT (-78.57407 43.195095),94-C,80,20,,,Western New York,West,,859,,,,,
,,41700,Tier 1,Solar,Stern Solar,RESRFP21-1,New,"Stern Solar, LLC",CS Energy,,Rensselaer,Cancelled,20,12154,NY,50040,19.99,2024-01-30T00:00:00.000,19.99,POINT (-73.585035 42.90228),SEQR,,,,,Capital Region,Capital,,"1,198",,,,,
,,299886,Tier 1,Solar,Yellow Barn Solar,RESRFP21-1,New,"Yellow Barn Solar, LLC",CS Energy,https://orespermits.ny.gov/Public/MatterManagement/CaseMaster.aspx?MatterSeq=64972&MNO=23-00048,Tompkins,Cancelled,20,14882,NY,359863,160,2024-01-30T00:00:00.000,160,POINT (-76.4983209 42.5355856),94-C,,,,,Southern Tier,Central,,"1,009",,,,,
,,174520,Tier 1,Solar,York Run Solar,RESRFP21-1,New,"York Run Solar, LLC",CS Energy,https://orespermits.ny.gov/Public/MatterManagement/CaseMaster.aspx?MatterSeq=64973&MNO=23-00049,Chautauqua,Cancelled,20,14701,NY,209424,90,2024-01-30T00:00:00.000,90,POINT (-79.238355 42.099115),94-C,,,,,Western New York,West,,"1,151",,,,,
,,183960,Tier 1,Solar,Alfred Oaks Solar,RESRFP21-1,New,"Alfred Oaks Solar, LLC",Northland Power,https://orespermits.ny.gov/Public/MatterManagement/CaseMaster.aspx?MatterSeq=64954&MNO=22-00030,Allegany,Cancelled,20,14806,NY,220752,100,2024-01-30T00:00:00.000,100,POINT (-77.7945 42.15764),94-C,40,20,,,Western New York,Central,,"1,096",,,,,
,,388944,Tier 1,Solar,Hemlock Ridge Solar,RESRFP22-1,New,Hemlock Ridge Solar LLC,AES Corporation,,Orleans,Under Development,20,14103,NY,466733,200,2024-01-30T00:00:00.000,200,POINT (-78.39127 43.21902),94-C,,,,2026,Finger Lakes,Genesee,,950,,,,,
,,257544,Tier 1,Solar,Oxbow Hill Solar,RESRFP22-1,New,Cypress Creek Renewables,Cypress Creek Renewables,,Madison,Cancelled,20,13035,NY,309053,140,2024-01-30T00:00:00.000,140,POINT (-75.85363 42.93284),94-C,,,,,Central New York,Mohawk Valley,,805,,,,,
,,201480,Tier 1,Solar,Riverside Solar,RESRFP22-1,New,"Riverside Solar, LLC",AES Corporation,,Jefferson,Under Development,20,13622,NY,241776,100,2024-01-30T00:00:00.000,100,POINT (-76.1369077 44.0657259),94-C,,,,2028,North Country,Mohawk Valley,,882,,,,,
,,226665,Tier 1,Solar,Somerset Solar,RESRFP22-1,New,"Somerset Solar, LLC",AES Corporation,,Niagara,Under Development,20,14012,NY,271998,125,2024-01-30T00:00:00.000,125,POINT (-78.55375 43.33009),94-C,,,,2026,Western New York,West,,"1,079",,,,,
,,42727,Tier 1,Solar,SunEast Hampton Corners Solar,RESRFP22-1,New,Cordelio Power,Cordelio Power,,Livingston,Cancelled,20,14462,NY,51272,19.99,2024-01-30T00:00:00.000,19.99,POINT (-77.7697987 42.6646563),94-C,,,,,Finger Lakes,West,,"1,092",,,,,
,,39926,Tier 1,Solar,SunEast Millers Grove Solar,RESRFP22-1,New,Cordelio Power,Cordelio Power,,Herkimer,Cancelled,20,13340,NY,47911,19.99,2024-01-30T00:00:00.000,19.99,POINT (-75.068965 43.033565),94-C,,,,,Mohawk Valley,Mohawk Valley,,"1,047",,,,,
,,41502,Tier 1,Solar,SunEast Morris Solar,RESRFP22-1,New,Cordelio Power,Cordelio Power,,St Lawrence,Cancelled,20,13642,NY,49802,19.99,2024-01-30T00:00:00.000,19.99,POINT (-75.467785 44.33556),94-C,,,,,North Country,Mohawk Valley,,"1,039",,,,,
,,33797,Tier 1,Solar,SunEast Niagara Solar,RESRFP22-1,New,Cordelio Power,Cordelio Power,,Wyoming,Under Development,20,14011,NY,40556,19.99,2024-01-30T00:00:00.000,19.99,POINT (-78.280085 42.86402),94-C,,,,2024,Finger Lakes,West,,592,,,,,
,,219504,Tier 1,Land Based Wind,Valcour Altona Windpark,RESRFP22-1,Existing,"Valcour Altona NewCo, LLC",AES Corporation,,Clinton,Under Development,20,12910,NY,263405,97.5,2024-01-30T00:00:00.000,97.5,POINT (-73.65417 44.888405),94-C,,,,2027,North Country,North,,,Repower,,323606,,
,,261473,Tier 1,Land Based Wind,Valcour Bliss Windpark,RESRFP22-1,Existing,"Valcour Bliss NewCo, LLC",AES Corporation,,Wyoming,Under Development,20,14024,NY,313768,100.5,2024-01-30T00:00:00.000,100.5,POINT (-78.254915 42.57816),94-C,,,,2027,Finger Lakes,West,,,Repower,,323608,,
,,260290,Tier 1,Land Based Wind,Valcour Chateaugay Windpark,RESRFP22-1,Existing,"Valcour Chateaugay NewCo, LLC",AES Corporation,,Clinton,Under Development,20,12923,NY,312348,106.5,2024-01-30T00:00:00.000,106.5,POINT (-73.9322061 44.9552406),94-C,,,,2027,North Country,North,,,Repower,,323614,,
,,226258,Tier 1,Land Based Wind,Valcour Clinton Windpark,RESRFP22-1,Existing,"Valcour Clinton NewCo, LLC",AES Corporation,,Clinton,Under Development,20,12923,NY,271510,100.5,2024-01-30T00:00:00.000,100.5,POINT (-73.9322061 44.9552406),94-C,,,,2027,North Country,North,,,Repower,,323605,,
,,214997,Tier 1,Land Based Wind,Valcour Ellenburg Windpark,RESRFP22-1,Existing,"Valcour Ellenburg NewCo, LLC",AES Corporation,,Clinton,Under Development,20,12923,NY,257996,81,2024-01-30T00:00:00.000,81,POINT (-73.9322061 44.9552406),94-C,,,,2027,North Country,North,,,Repower,,323604,,
,,334439,Tier 1,Land Based Wind,Valcour Wethersfield Windpark,RESRFP22-1,Existing,"Valcour Wethersfield NewCo, LLC",AES Corporation,,Wyoming,Under Development,20,14066,NY,401327,126,2024-01-30T00:00:00.000,126,POINT (-78.13412 42.64708),94-C,,,,2027,Finger Lakes,Central,,,Repower,,323626,,
,,268450,Tier 1,Solar,White Creek Solar,RESRFP22-1,New,White Creek Solar LLC,AES Corporation,,Livingston,Under Development,20,14533,NY,322140,135,2024-01-30T00:00:00.000,135,POINT (-77.8970984 42.8262),94-C,,,,2026,Finger Lakes,Genesee,,777,,,,,
,,42377,Tier 1,Solar,Clear View Solar,RESRFP22-1,New,Clear View Solar LLC,VC Renewables LLC,,Steuben,Under Development,20,14808,NY,50852,19.99,2024-01-30T00:00:00.000,19.99,POINT (-77.4742866 42.5552273),94-C,,,,2025,Southern Tier,Central,,"1,003",,,,,
,,40976,Tier 1,Solar,Hatchery Solar,RESRFP22-1,New,Hatchery Solar LLC,VC Renewables LLC,,Livingston,Under Development,20,14423,NY,49171,19.99,2024-01-30T00:00:00.000,19.99,POINT (-77.8498331 42.9703172),94-C,,,,2025,Finger Lakes,Central,,932,,,,,
,,283255,Tier 1,Solar,Stonewall Solar,RESRFP22-1,New,"Stonewall Solar, LLC",Nexamp,,Delaware,Under Development,20,13757,NY,339906,145,2024-01-30T00:00:00.000,145,POINT (-74.89129 42.42598),94-C,80,20,,2026,Southern Tier,Mohawk Valley,,"1,229",,,,,
,,731820,Tier 1,Solar,Mineral Basin Solar,RESRFP22-1,New,"Mineral Basin Solar Power, LLC",Swift Current Energy,,,Under Development,20,16830,Pennsylvania,878184,401.64,2024-01-30T00:00:00.000,401.64,POINT (-78.44163 41.025125),94-C,,,,2026,,Central,,"1,080",,,,,
,,224256,Tier 1,Solar,Gravel Road Solar,RESRFP22-1,New,"Gravel Road Solar, LLC",Delaware River Solar,,Seneca,Under Development,20,13148,NY,269107,128,2024-01-30T00:00:00.000,128,POINT (-76.795365 42.91278),94-C,,,,2026,Finger Lakes,Central,,"1,236",,,,,
,,919506,Tier 1,Land Based Wind,North Country Wind,RESRFP22-1,New,"NY North Country, LLC",Terra-Gen,,Franklin,Cancelled,20,12917,NY,1103407,298.2,2024-01-30T00:00:00.000,298.2,POINT (-74.169135 44.90472),94-C,,,,,North Country,North,,866,,,,,
,,17170,Tier 1,Hydroelectric,Dolgeville Hydro,RESRFP22-1,Existing,EONY Generation Limited,EONY Generation Limited,,Herkimer,Under Development,20,13329,NY,20604,5,2024-01-30T00:00:00.000,5,POINT (-74.77389 43.10185),,,,,,Mohawk Valley,Mohawk Valley,,,Return to Service,,23807,,
,20,2500,Maintenance,Maintenance Hydroelectric,Azure Mountain,RPS Maintenance,,,,,Franklin,Completed,10,12980,NY,2500,,2024-01-30T00:00:00.000,0.8,POINT (-74.5444923 44.6751788),,,,,2013,North Country,Mohawk Valley,,,,,,,
,26,128000,Maintenance,Maintenance Biomass,Boralex Chateaugay,RPS Maintenance,,,,,Franklin,Completed,10,12920,NY,128000,,2024-01-30T00:00:00.000,21,POINT (-74.07652 44.925855),,,,,2006,North Country,North,,,,,,,
,16,,Maintenance,Maintenance Biomass,Lyonsdale,RPS Maintenance,,,,,Lewis,Completed,7,13368,NY,,,2024-01-30T00:00:00.000,,POINT (-75.3653622 43.6197333),,,,,2008,North Country,Mohawk Valley,,,,,,,
,33.49,131238,Maintenance,Maintenance Biomass,Lyonsdale Biomass,RPS Maintenance,,,,,Lewis,Completed,3,13368,NY,131238,,2024-01-30T00:00:00.000,22,POINT (-75.3653622 43.6197333),,,,,2015,North Country,Mohawk Valley,,,,,,,
,7.4,2693,Tier 2,Hydroelectric,Baldwinsville,T2RFP21-1,,Erie Boulevard Hydropower LP,Brookfield Renewable Trading and Marketing LP,,Onondaga,Operational,3,13027,NY,2693,,2024-01-30T00:00:00.000,0.6,POINT (-76.29835 43.18518),,,,,2021,Central New York,Central,,,,,,,
,7.97,53598,Tier 2,Hydroelectric,Moose River Hydro,T2RFP21-1,,EONY Generation Limited,EONY Generation Limited,,Lewis,Operational,3,13368,NY,53598,,2024-01-30T00:00:00.000,12.2,POINT (-75.3653622 43.6197333),,,,,2021,North Country,Mohawk Valley,,,,,,,
,8,4075,Tier 2,Hydroelectric,Talcville,T2RFP21-1,,Erie Boulevard Hydropower LP,Brookfield Renewable Trading and Marketing LP,,St Lawrence,Operational,3,13635,NY,4075,,2024-01-30T00:00:00.000,1.1,POINT (-75.254482354 44.323997847),,,,,2021,North Country,Mohawk Valley,,,,,,,
,,10402500,Tier 4,https://chpexpress.com/,Champlain Hudson Power Express (CHPE),T4RFP21-1,,H.Q. Energy Services (U.S.) Inc.,"Transmission Developers, Inc. (backed by Blackstone) and Hydro-Qubec",,,Under Development,25,,,,,2024-01-30T00:00:00.000,,,Article 7,,,,2026,,,,,,1250.00,,https://chpexpress.com/overview-of-public-documents/permits/,https://documents.dps.ny.gov/public/MatterManagement/CaseMaster.aspx?MatterCaseNo=10-T-0139
,,7870865,Tier 4,https://www.cleanpathny.com/,Clean Path NY (CPNY),T4RFP21-1,,Clean Path New York LLC,Forward Power (a joint venture of Invenergy and energyRe) and the New York Power Authority,,,Under Development,25,,,,,2024-01-30T00:00:00.000,,,Article 7,,1168,,2027,,,,,,1300.00,,https://www.cleanpathny.com/public-documents,https://documents.dps.ny.gov/public/MatterManagement/CaseMaster.aspx?MatterCaseNo=22-T-0558
,22.57,1851,Maintenance,Maintenance Hydroelectric,Black Brook Hydro_October 2021 Award,Tier 2 - Maintenance,,,,,Clinton,Operational,3,12912,NY,1851,,2024-01-30T00:00:00.000,0.64,POINT (-73.67739 44.444075),,,,,2021,North Country,North,,,,,,,
,12.64,625,Maintenance,Maintenance Hydroelectric,Finger Lakes,Tier 2 - Maintenance,,,,,Tompkins,Completed,3,14850,NY,625,,2024-01-30T00:00:00.000,0.15,POINT (-76.5001 42.444575),,,,,2019,Southern Tier,Central,,,,,,,
,11.62,1897,Maintenance,Maintenance Hydroelectric,Kayuta Lake Hydro,Tier 2 - Maintenance,,,,,Oneida,Completed,3,13338,NY,1897,,2024-01-30T00:00:00.000,0.46,POINT (-75.202225 43.43901),,,,,2018,Mohawk Valley,Mohawk Valley,,,,,,,
,18.88,1681,Maintenance,Maintenance Hydroelectric,Kayuta Lake Hydro _July 2021 Award,Tier 2 - Maintenance,,,,,Oneida,Operational,3,13338,NY,1681,,2024-01-30T00:00:00.000,0.46,POINT (-75.202225 43.43901),,,,,2022,Mohawk Valley,Mohawk Valley,,,,,,,
,,,Maintenance,Maintenance Hydroelectric,Long Falls - Ampersand,Tier 2 - Maintenance,,,,,Jefferson,Under Development,3,13619,NY,8006,,2024-01-30T00:00:00.000,0.33,POINT (-75.6114334 43.9800463),,,,,,North Country,Mohawk Valley,,,,,,,
,7.8,42590,Maintenance,Maintenance Hydroelectric,Lyons Falls Hydro,Tier 2 - Maintenance,,,,,Lewis,Completed,3,13368,NY,42590,,2024-01-30T00:00:00.000,8.59,POINT (-75.3653622 43.6197333),,,,,2019,North Country,Mohawk Valley,,,,,23570,,
