Data Through Date,Eligibility,Project Name,Solicitation Name,Fixed REC Price,Index REC Strike Price,Renewable Technology,Generation Type,Type of Existing,Counterparty,Developer Name,Energy Storage Power Capacity  (MWac),Energy Storage Energy Capacity (MWh),NYISO Zone,PTID,Interconnection Queue Number,Permit Process,Article 10 or 94C Case Number,Second Article 10 or 94C Case Number,Article VII,Federal Permitting Mechanism,ZIP Code,County/Province,State/Province,REDC,Project Status,Year of Delivery Start Date,Contract Duration,New Renewable Capacity (MW),Bid Capacity (MW),Bid Quantity (MWh),Max Annual Contract Quantity (MWh),P10 Annual OREC Exceedance,Transmission Capacity (HVDC),Georeference
01/18/2024,Non-Tier 1,Bear Creek,916,19.20,,Land Based Wind,,,,,,,,,,,,,,,18101,,Pennsylvania,,Completed,2006,4,22,,59743,68704,,,POINT (-75.47157 40.602005)
01/18/2024,Non-Tier 1,Maple Ridge,916,22.95,,Land Based Wind,,,,,,,Mohawk Valley,,,,,,,,13367,Lewis,NY,North Country,Completed,2006,10,321,,526800,605820,,,POINT (-75.489145 43.78851)
01/18/2024,Non-Tier 1,Browns Falls*,916,1.60,,Hydroelectric,,,,,,,Mohawk Valley,,,,,,,,13670,St Lawrence,NY,North Country,Completed,2006,1,,,978,1125,,,POINT (-75.06606 44.19779)
01/18/2024,Non-Tier 1,Higley Falls*,916,2.49,,Hydroelectric,,,,,,,Mohawk Valley,24057,,,,,,,13625,St Lawrence,NY,North Country,Completed,2006,1,,,8917,10255,,,POINT (-74.93936 44.55287)
01/18/2024,Non-Tier 1,Spier Falls,916,2.74,,Hydroelectric,,,,,,,Capital,24058,,,,,,,12822,Saratoga,NY,Capital Region,Completed,2006,10,0.8,,3115,3582,,,POINT (-73.8343632 43.2417323)
01/18/2024,Non-Tier 1,Altona,1037,17.55,,Land Based Wind,,,,,,,North,323606,,,,,,,12910,Clinton,NY,North Country,Completed,2009,10,102,96.9,179316,188282,,,POINT (-73.65417 44.888405)
01/18/2024,Non-Tier 1,Bliss,1037,14.85,,Land Based Wind,,,,,,,Genesee,323608,,,,,,,14024,Wyoming,NY,Finger Lakes,Completed,2008,10,100.5,95.5,182590,191720,,,POINT (-78.254915 42.57816)
01/18/2024,Non-Tier 1,Chateaugay Wind Farm,1037,17.75,,Land Based Wind,,,,,,,North,,,,,,,,12920,Clinton,NY,North Country,Completed,2009,10,106.5,101.2,204817,215058,,,POINT (-74.07652 44.925855)
01/18/2024,Non-Tier 1,Clinton Wind,1037,14.85,,Land Based Wind,,,,,,,North,,,,,,,,12962,Clinton,NY,North Country,Completed,2008,10,100.5,95.5,172140,180747,,,POINT (-73.5638682 44.6941568)
01/18/2024,Non-Tier 1,Cohocton,1037,19.94,,Land Based Wind,,,,,,,Central,,,,,,,,14826,Steuben,NY,Southern Tier,Completed,2009,10,87.5,8.3,21247,23372,,,POINT (-77.5002615 42.4986438)
01/18/2024,Non-Tier 1,Dutch Hill,1037,13.86,,Land Based Wind,,,,,,,Central,,,,,,,,14826,Steuben,NY,Southern Tier,Completed,2009,10,37.5,4.3,8513,8513,,,POINT (-77.5002615 42.4986438)
01/18/2024,Non-Tier 1,Ellenburg,1037,14.85,,Land Based Wind,,,,,,,North,,,,,,,,12923,Clinton,NY,North Country,Completed,2008,10,81,77,159410,167381,,,POINT (-73.9322061 44.9552406)
01/18/2024,Non-Tier 1,Allens Falls,1037,8.50,,Hydroelectric,,,,,,,Mohawk Valley,24042,,,,,,,13676,St Lawrence,NY,North Country,Completed,2008,10,0.3,0.3,1523,1675,,,POINT (-74.982955 44.67295)
01/18/2024,Non-Tier 1,Browns Falls,1037,8.00,,Hydroelectric,,,,,,,Mohawk Valley,24044,,,,,,,13670,St Lawrence,NY,North Country,Completed,2008,10,0.4,0.4,1161,1277,,,POINT (-75.06606 44.19779)
01/18/2024,Non-Tier 1,Colton,1037,8.25,,Hydroelectric,,,,,,,Mohawk Valley,24057,,,,,,,13625,St Lawrence,NY,North Country,Completed,2008,10,0.7,0.7,4410,4851,,,POINT (-74.93936 44.55287)
01/18/2024,Non-Tier 1,Eagle,1037,9.00,,Hydroelectric,,,,,,,Mohawk Valley,10063,,,,,,,13327,Lewis,NY,North Country,Completed,2008,10,0.5,0.5,2892,3181,,,POINT (-75.3877596 43.89345)
01/18/2024,Non-Tier 1,East Norfolk,1037,9.97,,Hydroelectric,,,,,,,Mohawk Valley,24057,,,,,,,13667,St Lawrence,NY,North Country,Completed,2008,10,0.9,0.9,5643,6207.3,,,POINT (-74.9896725 44.8002742)
01/18/2024,Non-Tier 1,Higley Falls,1037,9.95,,Hydroelectric,,,,,,,Mohawk Valley,24057,,,,,,,13625,St Lawrence,NY,North Country,Completed,2008,10,1.9,1.9,10589,11648,,,POINT (-74.93936 44.55287)
01/18/2024,Non-Tier 1,Norfolk,1037,9.96,,Hydroelectric,,,,,,,Mohawk Valley,24057,,,,,,,13667,St Lawrence,NY,North Country,Completed,2008,10,1.5,1.5,6822,7504,,,POINT (-74.9896725 44.8002742)
01/18/2024,Non-Tier 1,Norwood,1037,9.99,,Hydroelectric,,,,,,,Mohawk Valley,24057,,,,,,,13668,St Lawrence,NY,North Country,Completed,2008,10,0.5,0.5,4207,4628,,,POINT (-74.996245 44.74861)
01/18/2024,Non-Tier 1,Oswego Falls,1037,8.75,,Hydroelectric,,,,,,,Central,24041,,,,,,,13069,Oswego,NY,Central New York,Completed,2008,10,0.6,0.6,2688,2957,,,POINT (-76.41174 43.325035)
01/18/2024,Non-Tier 1,Raymondville,1037,9.98,,Hydroelectric,,,,,,,Mohawk Valley,24057,,,,,,,13667,St Lawrence,NY,North Country,Completed,2008,10,0.7,0.7,3291,3620,,,POINT (-74.9896725 44.8002742)
01/18/2024,Non-Tier 1,Bellmont,1037,17.75,,Land Based Wind,,,,,,,North,,,,,,,,12969,Franklin,NY,North Country,Cancelled,,10,21,19.95,57671,63438,,,POINT (-74.1372737 44.7030763)
01/18/2024,Non-Tier 1,Niagara Generating Facility*,1037,11.99,,Biomass,,,,,,,West,,,,,,,,14304,Niagara,NY,Western New York,Completed,2008,10,26,26,180500,189525,,,POINT (-78.96109 43.090764)
01/18/2024,Non-Tier 1,Prattsburgh Windfarm,1037,16.94,,Land Based Wind,,,,,,,Central,,,,,,,,14873,Steuben,NY,Southern Tier,Cancelled,,10,55.5,5.55,14245,15670,,,POINT (-77.2854541 42.5262895)
01/18/2024,Non-Tier 1,Cohocton*,1168,16.50,,Land Based Wind,,,,,,,Central,,,,,,,,14826,Steuben,NY,Southern Tier,Completed,2009,10,,26.3,65700,65700,,,POINT (-77.5002615 42.4986438)
01/18/2024,Non-Tier 1,Dutch Hill*,1168,16.50,,Land Based Wind,,,,,,,Central,323617,,,,,,,14826,Steuben,NY,Southern Tier,Completed,2009,10,,11.3,28200,28200,,,POINT (-77.5002615 42.4986438)
01/18/2024,Non-Tier 1,Wethersfield,1168,15.25,,Land Based Wind,,,,,,,Genesee,323626,,,,,,,14066,Wyoming,NY,Finger Lakes,Completed,2009,10,126,119.7,314572,314572,,,POINT (-78.13412 42.64708)
01/18/2024,Non-Tier 1,Effley,1168,9.99,,Hydroelectric,,,,,,,Mohawk Valley,24048,,,,,,,13327,Lewis,NY,North Country,Completed,2009,10,0.3,0.3,1399,1399,,,POINT (-75.3877596 43.89345)
01/18/2024,Non-Tier 1,High Falls,1168,20.00,,Hydroelectric,,,,,,,,,,,,,,,J0X2L,,QC,,Completed,2009,10,14.7,14,26410,26410,,,
01/18/2024,Non-Tier 1,Piercefield,1168,9.98,,Hydroelectric,,,,,,,North,24042,,,,,,,12973,St Lawrence,NY,North Country,Completed,2009,10,0.1,0.1,385,385,,,POINT (-74.568065 44.23241)
01/18/2024,Non-Tier 1,Prattsburgh,1168,16.50,,Land Based Wind,,,,,,,Central,,,,,,,,14873,Steuben,NY,Southern Tier,Cancelled,,10,54,16.2,40500,40500,,,POINT (-77.2854541 42.5262895)
01/18/2024,Non-Tier 1,Sherman Island,1168,13.99,,Hydroelectric,,,,,,,Capital,,,,,,,,12804,Warren,NY,Capital Region,Completed,2009,10,4.7,4.5,19292,19292,,,POINT (-73.678785 43.33471)
01/18/2024,Non-Tier 1,AES Greenidge,1168,19.25,,Biomass,,,,,,,Central,,,,,,,,14527,Yates,NY,Finger Lakes,Completed,2009,3,4,,28500,28500,,,POINT (-77.05514 42.660715)
01/18/2024,Non-Tier 1,Hardscrabble,1681,15.50,,Land Based Wind,,,,,,,Mohawk Valley,,,,,,,,13416,Herkimer,NY,Mohawk Valley,Completed,2011,10,74,43.7,121508,121508,,,POINT (-75.0152971 43.1886557)
01/18/2024,Non-Tier 1,School Street,1681,9.49,,Hydroelectric,,,,,,,Capital,24059,,,,,,,12047,Albany,NY,Capital Region,Completed,2011,10,5.2,4.9,21885,21885,,,POINT (-73.7045184 42.7728676)
01/18/2024,Non-Tier 1,Stewarts Bridge Hydro (Upgrade),1681,9.24,,Hydroelectric,,,,,,,Capital,24058,,,,,,,12822,Saratoga,NY,Capital Region,Completed,2011,10,2.9,2.76,11609,11609,,,POINT (-73.8343632 43.2417323)
01/18/2024,Non-Tier 1,Albany 1,1851,13.85,,Biogas - LFG,,,,,,,Capital,323615,,,,,,,12205,Albany,NY,Capital Region,Completed,2011,10,0.9,0.86,5625,5625,,,POINT (-73.79864 42.694925)
01/18/2024,Non-Tier 1,Hardscrabble Wind Energy Project,1851,21.50,,Land Based Wind,,,,,,,Mohawk Valley,,,,,,,,13416,Herkimer,NY,Mohawk Valley,Completed,2011,10,0,26.64,74141,74141,,,POINT (-75.0152971 43.1886557)
01/18/2024,Non-Tier 1,High Sheldon,1851,18.50,,Land Based Wind,,,,,,,West,,,,,,,,14145,Wyoming,NY,Finger Lakes,Completed,2012,10,112.5,106.9,228200,228200,,,POINT (-78.4487301 42.7018621)
01/18/2024,Non-Tier 1,Mechanicville,1851,17.50,,Hydroelectric,,,,,,,Capital,,,,,,,,12118,Saratoga,NY,Capital Region,Completed,2011,10,4.5,4.28,19000,19000,,,POINT (-73.6917352 42.9054478)
01/18/2024,Non-Tier 1,Steel Winds II,1851,20.00,,Land Based Wind,,,,,,,West,323693,,,,,,,14218,Erie,NY,Western New York,Completed,2012,10,15,14,37430,37430,,,POINT (-78.82654 42.820135)
01/18/2024,Non-Tier 1,Stuyvesant Falls,1851,19.50,,Hydroelectric,,,,,,,Capital,,,,,,,,12173,Columbia,NY,Capital Region,Completed,2013,10,6,5.7,11677,11677,,,POINT (-73.78091 42.39024)
01/18/2024,Non-Tier 1,Taylorville Hydro,1851,14.62,,Hydroelectric,,,,,,,Mohawk Valley,24048,,,,,,,13327,Lewis,NY,North Country,Completed,2011,10,0.1,0.1,684,684,,,POINT (-75.3877596 43.89345)
01/18/2024,Non-Tier 1,Wappingers Falls,1851,20.00,,Hydroelectric,,,,,,,Hudson Valley,,,,,,,,12590,Dutchess,NY,Mid-Hudson,Completed,2011,10,0.12,0.11,474,474,,,POINT (-73.915605 41.597195)
01/18/2024,Non-Tier 1,Stewarts Bridge,2226,19.75,,Hydroelectric,,,,,,,Capital,24058,,,,,,,12822,Saratoga,NY,Capital Region,Completed,2013,10,2.6,2.49,10491,10491,,,POINT (-73.8343632 43.2417323)
01/18/2024,Non-Tier 1,Albany 2,2226,14.95,,Biogas - LFG,,,,,,,Capital,323615,,,,,,,12205,Albany,NY,Capital Region,Completed,2012,10,3.2,3,22340,22340,,,POINT (-73.79864 42.694925)
01/18/2024,Non-Tier 1,Black Brook,2226,25.00,,Hydroelectric,,,,,,,Mohawk Valley,,,,,,,,12912,Clinton,NY,North Country,Completed,2011,10,0.64,0.61,1900,1900,,,POINT (-73.67739 44.444075)
01/18/2024,Non-Tier 1,Chautauqua LFGE,2226,25.00,,Biogas - LFG,,,,,,,West,323629,,,,,,,14701,Chautauqua,NY,Western New York,Completed,2011,10,8,2.11,11209,11209,,,POINT (-79.238355 42.099115)
01/18/2024,Non-Tier 1,DANC,2226,26.00,,Biogas - LFG,,,,,,,Mohawk Valley,,,,,,,,13682,Jefferson,NY,North Country,Completed,2011,10,4.8,4,19178,19178,,,POINT (-75.93664 43.852315)
01/18/2024,Non-Tier 1,Howard,2226,17.50,,Land Based Wind,,,,,,,Central,323690,,,,,,,14823,Steuben,NY,Southern Tier,Completed,2012,10,51.25,46.13,115184,115184,,,POINT (-77.605625 42.26788)
01/18/2024,Non-Tier 1,Hyland LFGE,2226,20.49,,Biogas - LFG,,,,,,,Genesee,,,,,,,,14709,Allegany,NY,Western New York,Completed,2011,10,4.8,2.2,15396,15396,,,POINT (-78.022205 42.30784)
01/18/2024,Non-Tier 1,Marble River,2226,20.44,,Land Based Wind,,,,,,,North,323696,,,,,,,12923,Clinton,NY,North Country,Completed,2012,10,215.25,204.49,581510,581510,,,POINT (-73.9322061 44.9552406)
01/18/2024,Non-Tier 1,Ontario,2226,26.00,,Biogas - LFG,,,,,,,Central,,,,,,,,14561,Ontario,NY,Finger Lakes,Completed,2011,10,6.4,3,17232,17232,,,POINT (-77.135405 42.79881)
01/18/2024,Non-Tier 1,Orangeville,2226,20.89,,Land Based Wind,,,,,,,Central,323706,,,,,,,14569,Wyoming,NY,Finger Lakes,Operational,2014,10,92.8,88.16,279103,279103,,,POINT (-78.1325852 42.740665)
01/18/2024,Non-Tier 1,Seneca,2226,26.00,,Biogas - LFG,,,,,,,Central,,,,,,,,13165,Seneca,NY,Finger Lakes,Completed,2011,10,12.8,5.85,46664,46664,,,POINT (-76.8627782 42.9013852)
01/18/2024,Non-Tier 1,Modern,2226,26.00,,Biogas - LFG,,,,,,,West,,,,,,,,14174,Niagara,NY,Western New York,Completed,2011,10,6.4,,20306,20306,,,POINT (-79.04468 43.250665)
01/18/2024,Non-Tier 1,Wave Hydro,2226,22.00,,Hydroelectric,,,,,,,Central,,,,,,,,13027,Onondaga,NY,Central New York,Cancelled,,10,0.95,0.33,900,900,,,POINT (-76.29835 43.18518)
01/18/2024,Non-Tier 1,Howard (Expansion),2389,28.50,,Land Based Wind,,,,,,,Central,323690,,,,,,,14823,Steuben,NY,Southern Tier,Completed,2013,10,4.1,3.9,9849,9849,,,POINT (-77.605625 42.26788)
01/18/2024,Non-Tier 1,Mill Street Dam,2389,20.25,,Hydroelectric,,,,,,,Central,,,,,,,,13021,Cayuga,NY,Central New York,Operational,2014,10,0.22,0.23,986,986,,,POINT (-76.56687 42.9355)
01/18/2024,Non-Tier 1,Black River,2389,33.00,,Biomass,,,,,,,Mohawk Valley,23780,,,,,,,13602,Jefferson,NY,North Country,Operational,2013,10,43.26,41.1,324045,324045,,,POINT (-75.768535 44.029755)
01/18/2024,Non-Tier 1,Clinton Co.,2389,24.99,,Biogas - LFG,,,,,,,North,,,,,,,,12962,Clinton,NY,North Country,Completed,2012,10,6.4,1.28,6275,6275,,,POINT (-73.5638682 44.6941568)
01/18/2024,Non-Tier 1,Community Refuse LFG,2389,14.98,,Biogas - LFG,,,,,,,,,,,,,,,17257,,Pennsylvania,,Completed,2012,10,6.4,6.08,47402,47402,,,POINT (-77.519335 40.05105)
01/18/2024,Non-Tier 1,Locust Ridge,2389,16.98,,Land Based Wind,,,,,,,,PJM,,,,,,,19087,,Pennsylvania,,Completed,2012,10,26,24.7,54093,54093,,,POINT (-75.4612477 40.0743198)
01/18/2024,Non-Tier 1,Niagara BioEnergy,2554,30.00,,Biogas - ADG,New,,,,,,West,,,,,,,,14304,Niagara,NY,Western New York,Operational,2019,10,0.85,0.81,4750,4750,,,POINT (-78.96109 43.090764)
01/18/2024,Non-Tier 1,"401 Fieldcrest Dr. Elmsford, NY 10523",2554,32.22,,Fuel Cell,,,,,,,Dunwoodie,,,,,,,,10523,Westchester,NY,Mid-Hudson,Operational,2015,10,0.8,0.76,6325,6325,,,POINT (-73.817175 41.05446)
01/18/2024,Non-Tier 1,ATT Clean Energy Project - Rego Park,2554,29.95,,Fuel Cell,,,,,,,New York City,,,,,,,,11374,Queens,NY,New York City,Operational,2015,10,0.2,0.19,1264,1264,,,POINT (-73.8626827 40.7270469)
01/18/2024,Non-Tier 1,Henkel US Operations Corp - Geneva Facility,2554,24.00,,Land Based Wind,,,,,,,Central,,,,,,,,14456,Ontario,NY,Finger Lakes,Operational,2013,10,3.3,3.14,3847,3847,,,POINT (-76.983615 42.87351)
01/18/2024,Non-Tier 1,Howard*,2554,37.00,,Land Based Wind,,,,,,,Central,323690,,,,,,,14823,Steuben,NY,Southern Tier,Operational,2013,10,,2.55,6359,6359,,,POINT (-77.605625 42.26788)
01/18/2024,Non-Tier 1,Stop and Shop Clean Energy Project - Mt. Vernon,2554,30.00,,Fuel Cell,,,,,,,Dunwoodie,,,,,,,,10550,Westchester,NY,Mid-Hudson,Operational,2015,10,0.26,0.25,1606,1606,,,POINT (-73.837705 40.91064)
01/18/2024,Non-Tier 1,Black Oak,2554,39.95,,Land Based Wind,New,,,,,,Central,,,,,,,,14867,Tompkins,NY,Southern Tier,Cancelled,,10,12.6,11.97,40894,40894,,,POINT (-76.55499 42.38683)
01/18/2024,Non-Tier 1,Cody Road,2554,33.00,,Land Based Wind,New,,,,,,Central,,,,,,,,13035,Madison,NY,Central New York,Cancelled,,10,10,9.5,27463,27463,,,POINT (-75.85363 42.93284)
01/18/2024,Non-Tier 1,Marsh Hill,2554,36.95,,Land Based Wind,,,,,,,Central,323713,,,,,,,14855,Steuben,NY,Southern Tier,Operational,2014,10,16.2,15.39,52526,52526,,,POINT (-77.507045 42.125255)
01/18/2024,Non-Tier 1,Rio,2554,25.00,,Hydroelectric,,,,,,,Hudson Valley,,,,,,,,12737,Sullivan,NY,Mid-Hudson,Completed,2014,10,0.8,0.76,4199,4199,,,POINT (-74.8164663 41.5177014)
01/18/2024,Tier 1,Buffalo BioEnergy,2554,30.00,,Biogas - ADG,New,,Sustainable BioPower LLC,Quasar Energy Group,,,West,N/A,,,,,,,14224,Erie,NY,Western New York,Operational,2017,10,1.24,1.24,4750,4750,,,POINT (-78.753835 42.835045)
01/18/2024,Non-Tier 1,ATT Clean Energy Project - 400 Hamilton A,2554,29.95,,Fuel Cell,,,,,,,Dunwoodie,,,,,,,,10601,Westchester,NY,Mid-Hudson,Cancelled,,10,0.5,0.5,4216,4216,,,POINT (-73.766102 41.0311413)
01/18/2024,Non-Tier 1,ATT Clean Energy Project - 400 Hamilton B,2554,29.95,,Fuel Cell,,,,,,,Dunwoodie,,,,,,,,10601,Westchester,NY,Mid-Hudson,Cancelled,,10,1,1.05,8432,8432,,,POINT (-73.766102 41.0311413)
01/18/2024,Tier 1,Arkwright Summit,2985,21.75,,Land Based Wind,New,,Arkwright Summit Wind Farm LLC,EDP Renewables,,,West,323751,,,,,,,14063,Chautauqua,NY,Western New York,Operational,2020,20,78.4,75.58,229873,229873,,,POINT (-79.33261 42.44417)
01/18/2024,Tier 1,Jericho Rise,2985,24.50,,Land Based Wind,New,,"Jericho Rise Wind Farm, LLC",EDP Renewables,,,North,323719,,,,,,,12920,Franklin,NY,North Country,Operational,2019,20,77.7,73.81,206272,206272,,,POINT (-74.07652 44.925855)
01/18/2024,Tier 1,Fulton Unit 2,3084,14.55,,Hydroelectric,New,,Erie Boulevard Hydropower LP,Brookfield Renewable,,,Central,24041,583,SEQR,,,,,13069,Oswego,NY,Central New York,Operational,2018,20,0.45,0.45,3819,3819,,,POINT (-76.41174 43.325035)
01/18/2024,Tier 1,Morgan Stanley Headquarters,3084,20.00,,Fuel Cell,New,,"MS Financing, LLC",Morgan Stanley,,,New York City,N/A,,SEQR,,,,,10036,New York,NY,New York City,Operational,2016,20,0.79,0.75,6324,6324,,,POINT (-73.98707 40.7586)
01/18/2024,Tier 1,Ball Hill,3084,,69.55,Land Based Wind,New,,"Ball Hill Wind Energy, LLC",Northland Power,,,West,323825,505,SEQR,,,,,14062,Chautauqua,NY,Western New York,Operational,2023,20,100,100,269877,323852,,,POINT (-79.173575 42.470185)
01/18/2024,Tier 1,Lyons Falls Mill Hydro,3084,22.50,,Hydroelectric,,,,,,,Mohawk Valley,,,,,,,,13368,Lewis,NY,North Country,Cancelled,,20,5.51,5.23,27409,27409,,,POINT (-75.3653622 43.6197333)
01/18/2024,Tier 1,NYC Biogas,3084,25.00,,Biogas - ADG,,,,,,,New York City,,,,,,,,10307,Richmond,NY,New York City,Cancelled,,20,9.6,9.12,75686,75686,,,POINT (-74.24093 40.511325)
01/18/2024,Tier 1,Belfort Unit 3,3257,14.84,,Hydroelectric,Existing,Upgrade,Erie Boulelvard Hydropower LP,Brookfield Renewable,,,Mohawk Valley,24048,,SEQR,,,,,13327,Lewis,NY,North Country,Operational,2016,19,0.36,0.34,1975,1975,,,POINT (-75.3877596 43.89345)
01/18/2024,Tier 1,Fulton Unit 1,3257,15.08,,Hydroelectric,Existing,Upgrade,Erie Boulevard Hydropower LP,Brookfield Renewable,,,Central,24041,583,SEQR,,,,,13069,Oswego,NY,Central New York,Operational,2018,20,0.87,0.87,6968,6968,,,POINT (-76.41174 43.325035)
01/18/2024,Tier 1,Glen Park,3257,15.00,,Hydroelectric,Existing,Upgrade,"Black River Hydroelectric, LLC",Cube Hydro,,,Mohawk Valley,23778,,SEQR,,,,,13601,Jefferson,NY,North Country,Operational,2016,20,7.18,6.82,32166,32166,,,POINT (-75.9049969 43.9757948)
01/18/2024,Tier 1,North Division Street Dam Hydroelectric Facility,3257,22.50,,Hydroelectric,Existing,Upgrade,City of Auburn,City of Auburn,,,Mohawk Valley,5015,,SEQR,,,,,13021,Cayuga,NY,Central New York,Operational,2018,20,0.58,0.55,1959,1959,,,POINT (-76.56687 42.9355)
01/18/2024,Tier 1,Regen DG Project,3257,6.40,,Fuel Cell,New,,Bloom Energy Corp,Bloom Energy Corp,,,Dunwoodie,N/A,,SEQR,,,,,10591,Westchester,NY,Mid-Hudson,Operational,2018,20,1.58,1,6442,6442,,,POINT (-73.8613837 41.0804691)
01/18/2024,Tier 1,Swinging Bridge,3257,25.00,,Hydroelectric,Existing,Upgrade,"Eagle Creek Hydro Power, LLC",Eagle Creek Hydro Power,,,Hudson Valley,23641,696,SEQR,,,,,12737,Sullivan,NY,Mid-Hudson,Operational,2020,20,2.18,2.07,4794,4794,,,POINT (-74.8164663 41.5177014)
01/18/2024,Tier 1,Tannery Island - Tannery Island Hydro,3257,9.50,,Hydroelectric,Existing,Upgrade,Ampersand Tannery Island Hydro LLC,Ampersand Energy Partners,,,Mohawk Valley,23633,,SEQR,,,,,13619,Jefferson,NY,North Country,Operational,2016,20,0.17,0.16,827,827,,,POINT (-75.6114334 43.9800463)
01/18/2024,Tier 1,Coeymans Solar,3257,,75.82,Solar,New,,Hecate Energy Albany 1 LLC,Greenbacker Renewable Energy Corporation,,,Capital,323833,570,Article 10,http://documents.dps.ny.gov/public/MatterManagement/CaseMaster.aspx?MatterCaseNo=17-F-0617,,,,12158,Albany,NY,Capital Region,Under Development,2023,20,20,20,36084,43300,,,POINT (-73.804098 42.5347655)
01/18/2024,Tier 1,Greene County 1,3257,,88.04,Solar,New,,Hecate Energy Greene 1 LLC,Greenbacker Renewable Energy Corporation,,,Hudson Valley,,570,Article 10,http://documents.dps.ny.gov/public/MatterManagement/CaseMaster.aspx?MatterCaseNo=17-F-0619,,,,12051,Greene,NY,Capital Region,Under Development,2024,20,20,20,36084,43300,,,POINT (-73.8001552 42.3480669)
01/18/2024,Tier 1,Greene County 2,3257,,88.04,Solar,New,,Hecate Energy Greene 2 LLC,Greenbacker Renewable Energy Corporation,,,Hudson Valley,,570,Article 10,http://documents.dps.ny.gov/public/MatterManagement/CaseMaster.aspx?MatterCaseNo=17-F-0619,,,,12051,Greene,NY,Capital Region,Under Development,2024,20,10,10,18042,21650,,,POINT (-73.8001552 42.3480669)
01/18/2024,Tier 1,Hecate Energy Greene County 1,3257,26.91,,Solar,New,,Hecate Energy New York LLC,Hecate Energy,,,Hudson Valley,,570,Article 10,http://documents.dps.ny.gov/public/MatterManagement/CaseMaster.aspx?MatterCaseNo=17-F-0617,http://documents.dps.ny.gov/public/MatterManagement/CaseMaster.aspx?MatterCaseNo=17-F-0619,,,12051,Greene,NY,Capital Region,Cancelled,,20,49.99,47.49,85699,85699,,,POINT (-73.8001552 42.3480669)
01/18/2024,Non-Tier 1,Burt Dam Incremental Hydro,3257,10.00,,Hydroelectric,Existing,Upgrade,,,,,West,,,SEQR,,,,,14028,Niagara,NY,Western New York,Operational,2016,19,0.09,0.08,324,324,,,POINT (-78.7130158 43.3184626)
01/18/2024,Tier 1,Eight Point Wind,3257,,70.8,Land Based Wind,New,,Eight Point Wind LLC,NextEra Energy Resources,,,Central,323820,422,Article 10,http://documents.dps.ny.gov/public/MatterManagement/CaseMaster.aspx?MatterCaseNo=16-F-0062,,,,14877,Steuben,NY,Southern Tier,Operational,2023,20,111.2,101.2,313825,376590,,,POINT (-77.6619234 42.0821269)
01/18/2024,Tier 1,Number Three Wind Farm,3257,,74.96,Land Based Wind,New,,Number Three Wind LLC,Invenergy,,,Mohawk Valley,323818,531,Article 10,http://documents.dps.ny.gov/public/MatterManagement/CaseMaster.aspx?MatterCaseNo=16-F-0328,,,,13367,Lewis,NY,North Country,Operational,2023,20,103.9,105.8,278500,334200,,,POINT (-75.489145 43.78851)
01/18/2024,OREC,Empire Wind,ORECRFP18-1,,99.08,Offshore Wind,New,,,Equinor Wind US LLC,,,,,,Article 7,,,https://documents.dps.ny.gov/public/MatterManagement/CaseMaster.aspx?MatterSeq=65825&MNO=21-T-0366,https://www.permits.performance.gov/permitting-project/empire-wind-energy-project,,,,,Under Development,2026,25,816,816,,,4550000,,
01/18/2024,OREC,Sunrise Wind,ORECRFP18-1,,110.37,Offshore Wind,New,,,Orsted A/S and Eversource Energy,,,,,,Article 7,,,https://documents.dps.ny.gov/public/MatterManagement/CaseMaster.aspx?Mattercaseno=20-T-0617,https://www.permits.performance.gov/permitting-project/sunrise-wind-farm,,,,,Under Development,2025,25,924,924,,,4419800,,
01/18/2024,OREC,Beacon Wind,ORECRFP20-1,,118,Offshore Wind,New,,,Equinor Wind US LLC,,,,,,Article 7,,,https://documents.dps.ny.gov/public/MatterManagement/CaseMaster.aspx?MatterSeq=68175,,,,,,Under Development,2028,25,1230,1230,,,6018100,,
01/18/2024,OREC,Empire Wind 2,ORECRFP20-1,,107.5,Offshore Wind,New,,,Equinor Wind US LLC,,,,,,Article 7,,,https://documents.dps.ny.gov/public/MatterManagement/CaseMaster.aspx?MatterCaseNo=22-T-0346&CaseSearch=Search,https://www.permits.performance.gov/permitting-project/empire-wind-energy-project,,,,,Cancelled,,25,1260,1260,,,5765100,,
01/18/2024,Tier 1,Blue Stone Solar,RESRFP17-1,25.00,,Solar,New,,"Blue Stone Solar, LLC","National Grid Renewables, LLC",,,Hudson Valley,,621,SEQR,,,,,12477,Ulster,NY,Mid-Hudson,Cancelled,,20,19.99,19.99,27493,32991,,,POINT (-73.94911 42.07687)
01/18/2024,Tier 1,Little Pond Solar,RESRFP17-1,,81.97,Solar,New,,"Little Pond Solar, LLC",Greenbacker Renewable Energy Corporation,,,Hudson Valley,,575,SEQR,,,,,12780,Orange,NY,Mid-Hudson,"Cancelled, subject to providing replacement contract security",,20,19.99,19.99,37649,45178,,,POINT (-74.7313772 41.4071965)
01/18/2024,Tier 1,Rising Solar,RESRFP17-1,22.50,,Solar,New,,Rising Solar LLC,"National Grid Renewables, LLC",,,Hudson Valley,,,SEQR,,,,,10990,Orange,NY,Mid-Hudson,Cancelled,,20,20,20,32184,38619,,,POINT (-74.358345 41.25477)
01/18/2024,Tier 1,Rock District Solar,RESRFP17-1,,76.2,Solar,New,,"Rock District Solar, LLC",Greenbacker Renewable Energy Corporation,,,Capital,,564,94-C,https://orespermits.ny.gov/Public/MatterManagement/CaseMaster.aspx?MatterSeq=64957&MNO=23-00033,,,,12043,Schoharie,NY,Mohawk Valley,"Cancelled, subject to providing replacement contract security",,20,19.99,19.99,33884,40660,,,POINT (-74.484745 42.68013)
01/18/2024,Tier 1,Tayandenega Solar,RESRFP17-1,,72.61,Solar,New,,"Tayandenega Solar, LLC",Greenbacker Renewable Energy Corporation,,,Capital,,565,SEQR,,,,,13452,Montgomery,NY,Mohawk Valley,"Cancelled, subject to providing replacement contract security",,20,19.99,19.99,37106,44527,,,POINT (-74.6003928 43.0448856)
01/18/2024,Tier 1,Sky High Solar,RESRFP17-1,,74.06,Solar,New,,"Sky High Solar, LLC",Boralex,,,Central,,545,SEQR,,,,,13159,Onondaga,NY,Central New York,"Cancelled, subject to providing replacement contract security",,20,19.99,19.99,36248,43497,,,POINT (-76.109945 42.79665)
01/18/2024,Tier 1,Darby Solar,RESRFP17-1,,76.57,Solar,New,,"Darby Solar, LLC",MN8 Energy,,,Capital,323810,730,SEQR,,,,,12154,Washington,NY,Capital Region,Operational,2023,20,19.99,19.99,36774,44128,,,POINT (-73.585035 42.90228)
01/18/2024,Tier 1,East Point Energy Center,RESRFP17-1,,78.68,Solar,New,,"East Point Energy Center, LLC",NextEra Energy Resources,,,Capital,,619,Article 10,http://documents.dps.ny.gov/public/MatterManagement/CaseMaster.aspx?MatterCaseNo=17-f-0599,,,,13459,Schoharie,NY,Mohawk Valley,Under Development,2023,20,50,50,109631,131557,,,POINT (-74.61747 42.7916711)
01/18/2024,Tier 1,Flint Mine Solar,RESRFP17-1,,88.64,Solar,New,,"Flint Mine Solar, LLC",D. E. Shaw Renewable Investments,,,Hudson Valley,,637,Article 10,http://documents.dps.ny.gov/public/MatterManagement/CaseMaster.aspx?MatterCaseNo=18-F-0087,,,,12051,Greene,NY,Capital Region,Under Development,2026,20,100,100,174412,209294,,,POINT (-73.8001552 42.3480669)
01/18/2024,Tier 1,High River Energy Center,RESRFP17-1,,69.88,Solar,New,,"High River Energy Center, LLC",NextEra Energy Resources,,,Capital,,618,Article 10,http://documents.dps.ny.gov/public/MatterManagement/CaseMaster.aspx?MatterCaseNo=17-F-0597,,,,12010,Montgomery,NY,Mohawk Valley,Under Development,2024,20,90,90,167141,200569,,,POINT (-74.19217 42.94523)
01/18/2024,Tier 1,Janis Solar,RESRFP17-1,,75.91,Solar,New,,"Janis Solar, LLC",MN8 Energy,,,Central,323808,768,SEQR,,,,,13040,Cortland,NY,Central New York,Operational,2023,20,19.99,19.99,35898,43077,,,POINT (-75.9017453 42.5418885)
01/18/2024,Tier 1,Java Solar Energy Center,RESRFP17-1,19.50,,Solar,New,,Java Energy LLC,Invenergy,,,West,,"12,380",SEQR,,,,,14009,Wyoming,NY,Finger Lakes,Cancelled,,20,1.53,1.53,2039,2446,,,POINT (-78.4190273 42.5329786)
01/18/2024,Tier 1,Magruder Solar,RESRFP17-1,23.00,,Solar,New,,"Magruder Solar, LLC",CS Energy,,,Hudson Valley,,744,SEQR,,,,,12525,Ulster,NY,Mid-Hudson,Cancelled,,20,19.99,19.99,35022,42026,,,POINT (-74.15087 41.680775)
01/18/2024,Tier 1,Pattersonville,RESRFP17-1,,74.55,Solar,New,,Pattersonville Solar Facility LLC,MN8 Energy,,,Capital,,638,SEQR,,,,,12137,Schenectady,NY,Capital Region,Under Development,2023,20,19.99,19.99,40503,48603,,,POINT (-74.1391242 42.8267127)
01/18/2024,Tier 1,Regan Solar,RESRFP17-1,,79.18,Solar,New,,"Regan Solar, LLC",MN8 Energy,,,Capital,323812,748,SEQR,,,,,12068,Montgomery,NY,Mohawk Valley,Operational,2023,20,19.99,19.99,35548,42657,,,POINT (-74.3809823 42.9573634)
01/18/2024,Tier 1,Alle-Catt Wind Farm,RESRFP17-1,,65.62,Land Based Wind,New,,Alle-Catt Wind Energy LLC,Invenergy,,,West,,596,Article 10,http://documents.dps.ny.gov/public/MatterManagement/CaseMaster.aspx?MatterCaseNo=17-F-0282,,,,14009,Cattaraugus,NY,Western New York,"Cancelled, subject to providing replacement contract security",,20,339.78,339.78,977474,1172968,,,POINT (-78.4190273 42.5329786)
01/18/2024,Tier 1,Baron Winds,RESRFP17-1,22.75,,Land Based Wind,New,,Baron Winds LLC,RWE,,,Central,,396,Article 10,http://documents.dps.ny.gov/public/MatterManagement/CaseMaster.aspx?MatterCaseNo=15-f-0122,,,,14826,Steuben,NY,Southern Tier,Cancelled,,20,272,272,748174,897808,,,POINT (-77.5002615 42.4986438)
01/18/2024,Tier 1,Baron Winds II,RESRFP17-1,,69.62,Land Based Wind,New,,Baron Winds II LLC,RWE,,,Central,,396,Article 10,http://documents.dps.ny.gov/public/MatterManagement/CaseMaster.aspx?MatterCaseNo=15-f-0122,,,,14826,Steuben,NY,Southern Tier,"Cancelled, subject to providing replacement contract security",,20,112.5,112.5,272706,327247,,,POINT (-77.5002615 42.4986438)
01/18/2024,Tier 1,Bluestone Wind,RESRFP17-1,,67.72,Land Based Wind,New,,"Bluestone Wind, LLC",Northland Power,6.2,6.2,Mohawk Valley,323821,579,Article 10,http://documents.dps.ny.gov/public/MatterManagement/CaseMaster.aspx?MatterCaseNo=16-F-0559,,,,13865,Broome,NY,Southern Tier,Operational,2023,20,111.8,121.8,392644,471172,,,POINT (-75.64285 42.07653)
01/18/2024,Tier 1,Greene County Energy Properties,RESRFP17-1,,91.09,Solar,New,,"Greene County Energy Properties, LLC",Green County Energy Partners,,,Hudson Valley,,577,SEQR,,,,,12042,Greene,NY,Capital Region,Under Development,2024,20,19.9,19.9,26149,31378,,,POINT (-73.889996339 42.39780656)
01/18/2024,Tier 1,Shepherd's Run Solar,RESRFP17-1,,70.01,Solar,New,,Hecate Energy Columbia County 1 LLC,Hecate Energy,,,Capital,,644,94-C,https://documents.dps.ny.gov/public/MatterManagement/CaseMaster.aspx?MatterCaseNo=21-02553,,,,12521,Columbia,NY,Capital Region,"Cancelled, subject to providing replacement contract security",,20,60,60,111164,133396,,,POINT (-73.59207 42.14765)
01/18/2024,Tier 1,Baron Winds I,RESRFP17-1,,69.62,Land Based Wind,New,,Baron Winds LLC,RWE,,,Central,323822,396,Article 10,http://documents.dps.ny.gov/public/MatterManagement/CaseMaster.aspx?MatterCaseNo=15-f-0122,,,,14826,Steuben,NY,Southern Tier,Operational,2023,20,121.8,121.8,354417,425300,,,POINT (-77.5002615 42.4986438)
01/18/2024,Tier 1,Branscomb Solar,RESRFP17-1,,78,Solar,New,,"Branscomb Solar, LLC",MN8 Energy,,,Capital,323811,731,SEQR,,,,,12834,Washington,NY,Capital Region,Operational,2022,20,20,19.99,38472,46166,,,POINT (-73.50078 43.091155)
01/18/2024,Tier 1,Double Lock Solar,RESRFP17-1,25.50,,Solar,New,,"Double Lock Solar, LLC",Cypress Creek Renewables,,,Capital,,,,,,,,13339,Montgomery,NY,Mohawk Valley,Cancelled,,20,19.99,19.39,32103,38523,,,POINT (-74.6269854 42.9297647)
01/18/2024,Tier 1,Grissom Solar,RESRFP17-1,,81.05,Solar,New,,"Grissom Solar, LLC",MN8 Energy,,,Capital,323813,682,SEQR,,,,,12095,Montgomery,NY,Mohawk Valley,Operational,2023,20,20,19.99,33972,40766,,,POINT (-74.370365 43.001485)
01/18/2024,Tier 1,Lyons Falls Mill Redevelopment,RESRFP17-1,17.90,,Hydroelectric,Existing,Upgrade,"Northbrook Lyons Falls, LLC",Kruger Energy,,,Mohawk Valley,,,,,,,,13368,Lewis,NY,North Country,Cancelled,,20,3.28,3.28,20062,24074,,,POINT (-75.3653622 43.6197333)
01/18/2024,Tier 1,Puckett Solar,RESRFP17-1,,78.08,Solar,New,,"Puckett Solar, LLC",MN8 Energy,,,Central,323809,775,SEQR,,,,,13746,Chenango,NY,Southern Tier,Operational,2022,20,20,19.99,33271,39925,,,POINT (-75.845965 42.239925)
01/18/2024,Tier 1,Sunny Knoll Solar,RESRFP17-1,27.00,,Solar,New,,,,,,Capital,,,,,,,,12157,Schoharie,NY,Mohawk Valley,Cancelled,,20,19.99,19.39,32613,39135,,,POINT (-74.3084437 42.6656806)
01/18/2024,Tier 1,Horseshoe Solar,RESRFP18-1,,70.57,Solar,New,,Horseshoe Solar Energy LLC,Invenergy,,,Genesee,,710,94-C,https://documents.dps.ny.gov/public/MatterManagement/CaseMaster.aspx?MatterCaseNo=21-02480&CaseSearch=Search,,,,14423,Livingston,NY,Finger Lakes,"Cancelled, subject to providing replacement contract security",,20,180,180,368971,442765,,,POINT (-77.8498331 42.9703172)
01/18/2024,Tier 1,Manchester Solar,RESRFP18-1,,67.41,Solar,New,,SunEast Manchester Solar LLC,SunEast Development LLC,,,Central,,913,SEQR,,,,,14432,Ontario,NY,Finger Lakes,"Cancelled, subject to providing replacement contract security",,20,19.99,19.99,40223,48267,,,POINT (-77.13683 42.96328)
01/18/2024,Tier 1,SED Dog Corners Solar,RESRFP18-1,,67.13,Solar,New,,SunEast Dog Corners Solar LLC,SunEast Development LLC,,,Central,,584,SEQR,,,,,13026,Cayuga,NY,Central New York,"Cancelled, subject to providing replacement contract security",,20,19.99,19.99,37999,45598,,,POINT (-76.6981612 42.7509846)
01/18/2024,Tier 1,SED Hills Solar,RESRFP18-1,,66.67,Solar,New,,SunEast Hills Solar LLC,SunEast Development LLC,,,Mohawk Valley,,581,SEQR,,,,,13365,Herkimer,NY,Mohawk Valley,"Cancelled, subject to providing replacement contract security",,20,19.99,19.99,37999,45598,,,POINT (-74.860045 43.0444)
01/18/2024,Tier 1,SED Skyline Solar,RESRFP18-1,,68.64,Solar,New,,SunEast Skyline Solar LLC,SunEast Development LLC,,,Mohawk Valley,,670,SEQR,,,,,13476,Oneida,NY,Mohawk Valley,"Cancelled, subject to providing replacement contract security",,20,19.99,19.99,35022,42026,,,POINT (-75.54118 43.079)
01/18/2024,Tier 1,SED Watkins Road Solar 1,RESRFP18-1,,66.87,Solar,New,,SunEast Watkins Solar 1 LLC,SunEast Development LLC,,,Mohawk Valley,,586,SEQR,,,,,13340,Herkimer,NY,Mohawk Valley,"Cancelled, subject to providing replacement contract security",,20,19.99,19.99,37999,45598,,,POINT (-75.068965 43.033565)
01/18/2024,Tier 1,Silver Lake Solar,RESRFP18-1,,75.12,Solar,New,,Silver Lake Solar LLC,AES Corporation,,,Central,,629,SEQR,,,,,14530,Wyoming,NY,Finger Lakes,Cancelled,,20,24.99,24.99,38200,45840,,,POINT (-78.00098 42.71946)
01/18/2024,Tier 1,SunEast Clay Solar,RESRFP18-1,18.45,,Solar,New,,SunEast Clay Solar LLC,SunEast Development LLC,,,Central,,669,SEQR,,,,,13041,Onondaga,NY,Central New York,Cancelled,,20,19.99,19.99,35022,42026,,,POINT (-76.1433636 43.1635353)
01/18/2024,Tier 1,Bakerstand Solar 1,RESRFP18-1,,71.31,Solar,New,,Bakerstand Solar LLC,Olivewood Energy Development,,,West,,667,SEQR,,,,,14737,Cattaraugus,NY,Western New York,"Cancelled, subject to providing replacement contract security",,20,19.99,19.99,27703,33243,,,POINT (-78.45721 42.33914)
01/18/2024,Tier 1,ELP Stillwater Solar,RESRFP18-1,,75.32,Solar,New,,ELP Stillwater Solar LLC,MN8 Energy,,,Capital,,735,SEQR,,,,,12118,Saratoga,NY,Capital Region,Under Development,2023,20,19.99,19.99,32396,38875,,,POINT (-73.6917352 42.9054478)
01/18/2024,Tier 1,Excelsior Energy Center - Solar + Storage 2,RESRFP18-1,,66.3,Solar,New,,"Excelsior Energy Center, LLC",NextEra Energy Resources,20,80,Genesee,,721,Article 10,http://documents.dps.ny.gov/public/MatterManagement/CaseMaster.aspx?MatterCaseNo=19-F-0299&submit=Search,,,,14422,Genesee,NY,Finger Lakes,"Cancelled, subject to providing replacement contract security",,20,280,280,591615,709938,,,POINT (-78.063825 43.0796792)
01/18/2024,Tier 1,Mohawk Solar,RESRFP18-1,,65.39,Solar,New,,Mohawk Solar LLC,Avangrid Renewables,,,Capital,,495,Article 10,http://documents.dps.ny.gov/public/MatterManagement/CaseMaster.aspx?MatterCaseNo=17-F-0182,,,,13317,Montgomery,NY,Mohawk Valley,"Cancelled, subject to providing replacement contract security",,20,90.5,90.5,200321,240385,,,POINT (-74.571155 42.90138)
01/18/2024,Tier 1,Morris Ridge Solar,RESRFP18-1,,72.06,Solar,New,,"Morris Ridge Solar Energy Center, LLC",EDF Renewables Development,,,Central,,717,94-C,http://documents.dps.ny.gov/public/MatterManagement/CaseMaster.aspx?MatterCaseNo=21-00025&CaseSearch=Search,,,,14510,Livingston,NY,Finger Lakes,Under Development,2025,20,177,177,319920,383904,,,POINT (-77.87418 42.72316)
01/18/2024,Tier 1,Trelina Solar Energy Center,RESRFP18-1,,67.52,Solar,New,,Trelina Energy Center LLC,NextEra Energy Resources,,,Central,,720,Article 10,http://documents.dps.ny.gov/public/MatterManagement/CaseMaster.aspx?MatterSeq=59765&MNO=19-F-0366,,,,13165,Seneca,NY,Finger Lakes,"Cancelled, subject to providing replacement contract security",,20,80,80,156629,187955,,,POINT (-76.8627782 42.9013852)
01/18/2024,Tier 1,Watkins Glen Solar Energy Center,RESRFP18-1,,67.2,Solar,New,,"Watkins Glen Solar Energy Center, LLC",NextEra Energy Resources,,,Central,,617,94-C,http://documents.dps.ny.gov/public/MatterManagement/CaseMaster.aspx?MatterCaseNo=21-01069&CaseSearch=Search,,,,14891,Schuyler,NY,Southern Tier,"Cancelled, subject to providing replacement contract security",,20,50,50,106784,128140,,,POINT (-76.87248 42.378765)
01/18/2024,Tier 1,Hannacroix Solar Facility,RESRFP18-1,22.00,,Solar,New,,Hannacroix Solar Facility LLC,Teichos Energy,,,Hudson Valley,,"8,360",SEQR,,,,,12087,Greene,NY,Capital Region,Cancelled,,20,4.99,4.99,10342,12410,,,POINT (-73.8889424 42.4209431)
01/18/2024,Tier 1,Heritage Wind,RESRFP18-1,,67.01,Land Based Wind,New,,Heritage Wind LLC,Apex Clean Energy,,,Genesee,,571,94-C,http://documents.dps.ny.gov/public/MatterManagement/CaseMaster.aspx?MatterCaseNo=21-00026,,,,14411,Orleans,NY,Finger Lakes,"Cancelled, subject to providing replacement contract security",,20,147,147,393100,471720,,,POINT (-78.193475 43.243405)
01/18/2024,Tier 1,High Bridge Wind and Battery,RESRFP18-1,,67.27,Land Based Wind,New,,"High Bridge Wind, LLC",Northland Power,5,20,Mohawk Valley,,706,Article 10,http://documents.dps.ny.gov/public/MatterManagement/CaseMaster.aspx?MatterCaseNo=18-f-0262,,,,13780,Chenango,NY,Southern Tier,"Cancelled, subject to providing replacement contract security",,20,99,99,308737,370484,,,POINT (-75.491405 42.405655)
01/18/2024,Tier 1,Canisteo Wind & Storage,RESRFP18-1,,,Land Based Wind,New,,,Invenergy,,,Central,,,,http://documents.dps.ny.gov/public/MatterManagement/CaseMaster.aspx?MatterCaseNo=16-F-0205,,,,14855,Steuben,NY,Southern Tier,Cancelled,,20,290,290,894221,1073065,,,POINT (-77.507045 42.125255)
01/18/2024,Tier 1,Roaring Brook Wind,RESRFP18-1,,66.37,Land Based Wind,New,,PPM Roaring Brook LLC,Avangrid Renewables,,,Mohawk Valley,323790,546,SEQR,,,,,13404,Lewis,NY,North Country,Operational,2021,20,79.73,77.7,229329,275194,,,POINT (-75.46908482 43.737220922)
01/18/2024,Tier 1,SunEast Fairway Solar,RESRFP19-1,,62.85,Solar,New,,SunEast Fairway Solar LLC,SunEast Development LLC,,,Mohawk Valley,,848,SEQR,,,,,13669,St Lawrence,NY,North Country,"Cancelled, subject to providing replacement contract security",,20,19.99,19.99,36248,43497,,,POINT (-75.48625 44.69457)
01/18/2024,Tier 1,SunEast Flat Hill Solar,RESRFP19-1,,63.72,Solar,New,,SunEast Flat Hill Solar LLC,SunEast Development LLC,,,Mohawk Valley,,865,SEQR,,,,,13365,Herkimer,NY,Mohawk Valley,"Cancelled, subject to providing replacement contract security",,20,19.99,19.99,36423,43707,,,POINT (-74.860045 43.0444)
01/18/2024,Tier 1,SunEast Grassy Knoll Solar,RESRFP19-1,,63.58,Solar,New,,SunEast Grassy Knoll Solar LLC,SunEast Development LLC,,,Mohawk Valley,,885,SEQR,,,,,13365,Herkimer,NY,Mohawk Valley,"Cancelled, subject to providing replacement contract security",,20,19.99,19.99,36949,44338,,,POINT (-74.860045 43.0444)
01/18/2024,Tier 1,SunEast Highview Solar,RESRFP19-1,,63.38,Solar,New,,SunEast Highview Solar LLC,SunEast Development LLC,,,West,,591,SEQR,,,,,14530,Wyoming,NY,Finger Lakes,"Cancelled, subject to providing replacement contract security",,20,20,20,31361,37633,,,POINT (-78.00098 42.71946)
01/18/2024,Tier 1,SunEast Hilltop Solar,RESRFP19-1,,64.35,Solar,New,,SunEast Hilltop Solar LLC,SunEast Development LLC,,,Capital,,807,SEQR,,,,,12154,Rensselaer,NY,Capital Region,"Cancelled, subject to providing replacement contract security",,20,19.99,19.99,38175,45810,,,POINT (-73.585035 42.90228)
01/18/2024,Tier 1,SunEast Limestone Solar,RESRFP19-1,,63.72,Solar,New,,SunEast Limestone Solar LLC,SunEast Development LLC,,,Capital,,806,SEQR,,,,,12070,Fulton,NY,Mohawk Valley,"Cancelled, subject to providing replacement contract security",,20,19.99,19.99,36073,43287,,,POINT (-74.2326 42.9567)
01/18/2024,Tier 1,SunEast Tabletop Solar,RESRFP19-1,,60.4,Solar,New,,SunEast Tabletop Solar LLC,SunEast Development LLC,,,Capital,,869,94-C,,,,,13339,Montgomery,NY,Mohawk Valley,"Cancelled, subject to providing replacement contract security",,20,80,80,145066,174079,,,POINT (-74.6269854 42.9297647)
01/18/2024,Tier 1,SunEast Valley Solar,RESRFP19-1,,63.07,Solar,New,,SunEast Valley Solar LLC,SunEast Development LLC,,,Central,,828,SEQR,,,,,13827,Tioga,NY,Southern Tier,"Cancelled, subject to providing replacement contract security",,20,19.99,19.99,37124,44548,,,POINT (-76.26612 42.105545)
01/18/2024,Tier 1,Bald Mountain Solar,RESRFP19-1,,65.1,Solar,New,,Bald Mountain Solar LLC,Boralex,,,Capital,,855,SEQR,,,,,12834,Washington,NY,Capital Region,"Cancelled, subject to providing replacement contract security",,20,19.99,19.99,33446,40135,,,POINT (-73.50078 43.091155)
01/18/2024,Tier 1,ELP Ticonderoga Solar,RESRFP19-1,,72.19,Solar,New,,ELP Ticonderoga Solar LLC,VC Renewables Holdings LLC,,,Capital,,734,SEQR,,,,,12883,Essex,NY,North Country,Under Development,2024,20,19.99,19.99,36798,44157,,,POINT (-73.4278717 43.8488221)
01/18/2024,Tier 1,Greens Corners Solar,RESRFP19-1,,64.21,Solar,New,,Greens Corners Solar LLC,Boralex,,,Mohawk Valley,,864,94-C,https://documents.dps.ny.gov/public/MatterManagement/CaseMaster.aspx?MatterCaseNo=21-00982&CaseSearch=Search,,,,13601,Jefferson,NY,North Country,"Cancelled, subject to providing replacement contract security",,20,120,120,194472,233366,,,POINT (-75.9049969 43.9757948)
01/18/2024,Tier 1,Martin Rd Solar,RESRFP19-1,,68.8,Solar,New,,"Martin Rd Solar, LLC",Olivewood Energy Development,,,West,,666,94-C,,,,,14101,Cattaraugus,NY,Western New York,"Cancelled, subject to providing replacement contract security",,20,19.99,19.99,33096,39715,,,POINT (-78.4903887 42.4241089)
01/18/2024,Tier 1,Sandy Creek Solar,RESRFP19-1,,66.51,Solar,New,,Sandy Creek Solar LLC,Boralex,,,Mohawk Valley,,843,SEQR,,,,,13605,Jefferson,NY,North Country,"Cancelled, subject to providing replacement contract security",,20,19.99,19.99,37649,45178,,,POINT (-76.024125 43.808985)
01/18/2024,Tier 1,South Ripley Solar and Storage,RESRFP19-1,,66.95,Solar,New,,ConnectGen Chautauqua County LLC,ConnectGen,20,80,West,,783,94-C,https://documents.dps.ny.gov/public/MatterManagement/CaseMaster.aspx?MatterCaseNo=21-00750&CaseSearch=Search,,,,14775,Chautauqua,NY,Western New York,"Cancelled, subject to providing replacement contract security",,20,270,270,404449,485338,,,POINT (-79.70987 42.26388)
01/18/2024,Tier 1,West River Solar,RESRFP19-1,,65.18,Solar,New,,West River Solar LLC,Boralex,,,Capital,,,SEQR,,,,,12831,Saratoga,NY,Capital Region,"Cancelled, subject to providing replacement contract security",,20,19.99,19.99,33446,40135,,,POINT (-73.76468 43.134105)
01/18/2024,Tier 1,Garnet Energy Center Storage 1,RESRFP19-1,,69.21,Solar,New,,"Garnet Energy Center, LLC",NextEra Energy Resources,20,80,Genesee,,883,Article 10,http://documents.dps.ny.gov/public/MatterManagement/CaseMaster.aspx?Mattercaseno=20-F-0043,,,,13140,Cayuga,NY,Central New York,"Cancelled, subject to providing replacement contract security",,20,200,200,453768,544521,,,POINT (-76.6261736 43.0355882)
01/18/2024,Tier 1,North Side Energy Center,RESRFP19-1,,66.57,Solar,New,,"North Side Energy Center, LLC",NextEra Energy Resources,,,North,,620,Article 10,http://documents.dps.ny.gov/public/MatterManagement/CaseMaster.aspx?MatterCaseNo=17-F-0598&submit=Search,,,,13662,St Lawrence,NY,North Country,Under Development,2025,20,180,180,367394,440872,,,POINT (-74.88778 44.93404)
01/18/2024,Tier 1,Cohocton Wind Project,RESRFP19-1,18.50,,Land Based Wind,Existing,Upgrade,"Canandaigua Power Partners, LLC",Brookfield Renewable,,,Central,323617,,SEQR,,,,,14826,Steuben,NY,Southern Tier,Operational,2022,20,37.09,35.75,97083,116499,,,POINT (-77.5002615 42.4986438)
01/18/2024,Tier 1,Steel Winds Wind Farm,RESRFP19-1,18.50,,Land Based Wind,Existing,Upgrade,"Niagara Wind Power, LLC",Brookfield Renewable,,,West,323596,234,SEQR,,,,,14218,Erie,NY,Western New York,Operational,2022,20,5.84,4.78,14362,17234,,,POINT (-78.82654 42.820135)
01/18/2024,Tier 1,Steel Winds Wind Farm 2,RESRFP19-1,18.50,,Land Based Wind,Existing,Upgrade,"Erie Wind, LLC",Brookfield Renewable,,,West,323693,234,SEQR,,,,,14218,Erie,NY,Western New York,Operational,2021,20,4.4,2.57,7707,9248,,,POINT (-78.82654 42.820135)
01/18/2024,Tier 1,Prattsburgh Wind Farm,RESRFP19-1,,71.59,Land Based Wind,New,,"Prattsburgh Wind, LLC",Terra-Gen,,,Central,,801,94-C,https://documents.dps.ny.gov/public/MatterManagement/CaseMaster.aspx?MatterCaseNo=21-00749,,,,14873,Steuben,NY,Southern Tier,"Cancelled, subject to providing replacement contract security",,20,145,145,449651,539581,,,POINT (-77.2854541 42.5262895)
01/18/2024,Tier 1,Rutland Center Solar 1,RESRFP20-1,,51.17,Solar,New,,"Rutland Center Solar 1, LLC",Cypress Creek Renewables,,,Mohawk Valley,,"1,077",94-C,,,,,13601,Jefferson,NY,North Country,"Cancelled, subject to providing replacement contract security",,20,110.2,110.2,208516,250219,,,POINT (-75.9049969 43.9757948)
01/18/2024,Tier 1,SunEast Augustus Solar,RESRFP20-1,,59.8,Solar,New,,SunEast Augustus Solar LLC,SunEast Development LLC,,,Mohawk Valley,,935,SEQR,,,,,13425,Oneida,NY,Mohawk Valley,"Cancelled, subject to providing replacement contract security",,20,19.99,19.99,39225,47070,,,POINT (-75.4632174 42.9377832)
01/18/2024,Tier 1,SunEast Flat Creek Solar,RESRFP20-1,,55.95,Solar,New,,SunEast Flat Creek Solar LLC,SunEast Development LLC,,,Capital,,"1,089",94-C,,,,,12166,Montgomery,NY,Mohawk Valley,"Cancelled, subject to providing replacement contract security",,20,200,200,415224,498269,,,POINT (-74.5107117 42.8898869)
01/18/2024,Tier 1,SunEast Flat Stone Solar,RESRFP20-1,,62.5,Solar,New,,SunEast Flat Stone Solar LLC,SunEast Development LLC,,,Mohawk Valley,,"1,000",SEQR,,,,,13478,Oneida,NY,Mohawk Valley,"Cancelled, subject to providing replacement contract security",,20,19.99,19.99,38175,45810,,,POINT (-75.58285 43.13375)
01/18/2024,Tier 1,SunEast Kingbird Solar,RESRFP20-1,,59.35,Solar,New,,SunEast Kingbird Solar LLC,SunEast Development LLC,,,West,,"1,098",SEQR,,,,,14048,Chautauqua,NY,Western New York,"Cancelled, subject to providing replacement contract security",,20,19.99,19.99,38875,46650,,,POINT (-79.33407 42.483225)
01/18/2024,Tier 1,SunEast Transit Solar,RESRFP20-1,,59.25,Solar,New,,SunEast Transit Solar LLC,SunEast Development LLC,,,West,,"1,051",SEQR,,,,,14143,Genesee,NY,Finger Lakes,"Cancelled, subject to providing replacement contract security",,20,19.99,19.99,41502,49802,,,POINT (-78.07613 43.00417)
01/18/2024,Tier 1,Harvest Hills Solar (Formerly Milliken Solar),RESRFP20-1,,47.7,Solar,New,,ConnectGen Cayuga County LLC,ConnectGen,,,Central,,"1,088",94-C,,,,,13071,Cayuga,NY,Central New York,"Cancelled, subject to providing replacement contract security",,20,200,200,394200,473040,,,POINT (-76.53266 42.667895)
01/18/2024,Tier 1,Mill Point Solar,RESRFP20-1,,44.55,Solar,New,,ConnectGen Montgomery County LLC,ConnectGen,,,Mohawk Valley,,"1,031",94-C,http://documents.dps.ny.gov/public/MatterManagement/CaseMaster.aspx?MatterCaseNo=23-00034,,,,12072,Montgomery,NY,Mohawk Valley,"Cancelled, subject to providing replacement contract security",,20,250,250,497130,596556,,,POINT (-74.36571 42.94743)
01/18/2024,Tier 1,Dolan Solar,RESRFP20-1,,59.85,Solar,New,,"Dolan Solar, LLC",CS Energy,,,Capital,,833,SEQR,,,,,12828,Washington,NY,Capital Region,"Cancelled, subject to providing replacement contract security",,20,19.99,19.99,40276,48331,,,POINT (-73.5839133 43.2702767)
01/18/2024,Tier 1,Hawthorn Solar,RESRFP20-1,,60.45,Solar,New,,"Hawthorn Solar, LLC",CS Energy,,,Capital,,832,SEQR,,,,,12090,Rensselaer,NY,Capital Region,"Cancelled, subject to providing replacement contract security",,20,19.99,19.99,39400,47280,,,POINT (-73.3526221 42.9020816)
01/18/2024,Tier 1,Homer Solar Energy Center,RESRFP20-1,,59.96,Solar,New,,"Homer Solar Energy Center, LLC",EDF Renewables Development,,,Central,,276,94-C,http://documents.dps.ny.gov/public/MatterManagement/CaseMaster.aspx?MatterCaseNo=21-00976&CaseSearch=Search,,,,13045,Cortland,NY,Central New York,"Cancelled, subject to providing replacement contract security",,20,90,90,168718,202461,,,POINT (-76.18184 42.600225)
01/18/2024,Tier 1,Moraine Solar Energy Center,RESRFP20-1,,58.83,Solar,New,,Moraine Solar Energy LLC,EDF Renewables Development,5,20,Central,,716,94-C,https://documents.dps.ny.gov/public/MatterManagement/CaseMaster.aspx?MatterCaseNo=22-00024&CaseSearch=Search,,,,14807,Allegany,NY,Western New York,"Cancelled, subject to providing replacement contract security",,20,93.55,93.55,183568,220281,,,POINT (-77.691555 42.39448)
01/18/2024,Tier 1,Somers Solar,RESRFP20-1,,61.45,Solar,New,,"Somers Solar, LLC",CS Energy,,,Capital,,"1,015",SEQR,,,,,12828,Washington,NY,Capital Region,"Cancelled, subject to providing replacement contract security",,20,19.99,19.99,37649,45179,,,POINT (-73.5839133 43.2702767)
01/18/2024,Tier 1,Tracy Solar Energy Center,RESRFP20-1,,60.69,Solar,New,,"Tracy Solar Energy Center, LLC",EDF Renewables Development,5,20,Mohawk Valley,,774,94-C,https://documents.dps.ny.gov/public/MatterManagement/CaseMaster.aspx?MatterCaseNo=21-00962&CaseSearch=Search,,,,13656,Jefferson,NY,North Country,"Cancelled, subject to providing replacement contract security",,20,119,119,236634,283960,,,POINT (-75.965465 44.19553)
01/18/2024,Tier 1,Alabama Solar Park,RESRFP20-1,,,Solar,New,,"Alabama Solar Park, LLC",EDPR,20,80,Genesee,,995,94-C,,,,,14125,Genesee,NY,Finger Lakes,Cancelled,,20,130,130,258508,310209,,,POINT (-78.2716069 43.0667926)
01/18/2024,Tier 1,Cider Solar Farm,RESRFP20-1,,52.4,Solar,New,,Hecate Energy Cider Solar LLC,Hecate Energy,,,West,,811,94-C,https://documents.dps.ny.gov/public/MatterManagement/CaseMaster.aspx?MatterCaseNo=21-01108,,,,14058,Genesee,NY,Finger Lakes,"Cancelled, subject to providing replacement contract security",,20,500,500,928560,1114272,,,POINT (-78.1866858 43.0803912)
01/18/2024,Tier 1,Clear View Solar,RESRFP20-1,,43.23,Solar,New,,Clear View Solar LLC,Oriden Power,,,Central,,"1,003",SEQR,,,,,14808,Steuben,NY,Southern Tier,Cancelled,,20,20,19.99,40822,48986,,,POINT (-77.4742866 42.5552273)
01/18/2024,Tier 1,Great Gully Solar Farm (formerly Delight Farm),RESRFP20-1,,,Solar,New,,"Great Gully Solar Farm, LLC",AES Distributed Energy,,,Central,,"1,060",SEQR,,,,,13160,Cayuga,NY,Central New York,Cancelled,,20,16.8,16.8,31052,37262,,,POINT (-76.68782 42.841655)
01/18/2024,Tier 1,Hatchery Solar,RESRFP20-1,,43.64,Solar,New,,Hatchery Solar LLC,Oriden Power,,,Central,,932,SEQR,,,,,14423,Livingston,NY,Finger Lakes,Cancelled,,20,19.99,19.99,40626,48751,,,POINT (-77.8498331 42.9703172)
01/18/2024,Tier 1,Highbanks Solar,RESRFP20-1,,41.77,Solar,New,,Highbanks Solar LLC,Oriden Power,,,Central,,863,SEQR,,,,,14510,Livingston,NY,Finger Lakes,Cancelled,,20,19.99,19.99,43603,52323,,,POINT (-77.87418 42.72316)
01/18/2024,Tier 1,Orleans Solar,RESRFP20-1,,,Solar,New,,Orleans Solar LLC,Community Energy,,,Genesee,,950,94-C,,,,,14103,Orleans,NY,Finger Lakes,Cancelled,,20,200,200,381936,458323,,,POINT (-78.39127 43.21902)
01/18/2024,Tier 1,Chasm Falls,RESRFP20-1,,55.75,Hydroelectric,Existing,Return to Service,Ampersand Chasm Falls Hydro LLC,Ampersand Hydro,,,North,5016,,SEQR,,,,,12920,Franklin,NY,North Country,Operational,2022,20,1.6,1.6,5999,7199,,,POINT (-74.07652 44.925855)
01/18/2024,Tier 1,Bear Ridge Solar,RESRFP21-1,,,Solar,New,,"Bear Ridge Solar, LLC",Cypress Creek Renewables,,,West,,704,94-C,https://documents.dps.ny.gov/public/MatterManagement/CaseMaster.aspx?MatterCaseNo=21-02104&CaseSearch=Search,,,,14094,Niagara,NY,Western New York,Cancelled,,20,100,100,181332,217598,,,POINT (-78.69168 43.16942)
01/18/2024,Tier 1,SunEast Flat Creek Solar II,RESRFP21-1,,,Solar,New,,SunEast Flat Creek Solar LLC,SunEast Development LLC,,,Capital,,"1,115",94-C,,,,,12166,Montgomery,NY,Mohawk Valley,Cancelled,,20,100,100,193596,232315,,,POINT (-74.5107117 42.8898869)
01/18/2024,Tier 1,SunEast Scipio Solar,RESRFP21-1,,,Solar,New,,SunEast Scipio Solar LLC,SunEast Development LLC,,,Central,,590,SEQR,,,,,13147,Cayuga,NY,Central New York,Cancelled,,20,18,18,32167,38600,,,POINT (-76.55607 42.738835)
01/18/2024,Tier 1,Easton Solar Farm,RESRFP21-1,,,Solar,New,,Easton Solar LLC,Boralex,,,Capital,,"1,035",SEQR,,,,,12834,Washington,NY,Capital Region,Cancelled,,20,20,20,38369,46042,,,POINT (-73.50078 43.091155)
01/18/2024,Tier 1,ELP Rotterdam Solar,RESRFP21-1,,,Solar,New,,ELP Rotterdam Solar LLC,VC Renewables Holdings LLC,,,Capital,,"1,038",94-C,,,,,12137,Schenectady,NY,Capital Region,Cancelled,,20,19.99,19.99,41327,49592,,,POINT (-74.1391242 42.8267127)
01/18/2024,Tier 1,ELP Stuyvesant Solar,RESRFP21-1,,,Solar,New,,ELP Stuyvesant Solar LLC,VC Renewables Holdings LLC,,,Capital,,"1,171",SEQR,,,,,12173,Columbia,NY,Capital Region,Cancelled,,20,19.99,19.99,35898,43077,,,POINT (-73.78091 42.39024)
01/18/2024,Tier 1,Foothills Solar Farm,RESRFP21-1,,,Solar,New,,Foothills Solar LLC,Boralex,,,Capital,,"1,182",94-C,,,,,12117,Fulton,NY,Mohawk Valley,Cancelled,,20,40,40,75336,90403,,,POINT (-74.2690485 43.1081085)
01/18/2024,Tier 1,Fort Covington Solar Farm,RESRFP21-1,,,Solar,New,,Fort Covington Solar LLC,Boralex,77,308,North,,"1,183",94-C,,,,,12937,Franklin,NY,North Country,Cancelled,,20,250,250,473040,567648,,,POINT (-74.4947386 44.9898559)
01/18/2024,Tier 1,Fort Edward Solar Farm,RESRFP21-1,,,Solar,New,,Fort Edward Solar LLC,Boralex,,,Capital,,"1,042",94-C,,,,,12828,Washington,NY,Capital Region,Cancelled,,20,100,100,192720,231264,,,POINT (-73.5839133 43.2702767)
01/18/2024,Tier 1,Harvest Hills Solar 2,RESRFP21-1,,,Solar,New,,ConnectGen Cayuga County LLC,ConnectGen,,,Central,,"1,238",94-C,,,,,13071,Cayuga,NY,Central New York,Cancelled,,20,100,100,202356,242827,,,POINT (-76.53266 42.667895)
01/18/2024,Tier 1,Mill Point Solar 2,RESRFP21-1,,,Solar,New,,ConnectGen Montgomery County LLC,ConnectGen,,,Mohawk Valley,,"1,231",94-C,,,,,12072,Montgomery,NY,Mohawk Valley,Cancelled,,20,100,100,197100,236520,,,POINT (-74.36571 42.94743)
01/18/2024,Tier 1,Moss Ridge Solar,RESRFP21-1,,,Solar,New,,"Moss Ridge Solar 1, LLC","New Leaf Energy, Inc.",,,Mohawk Valley,,"1,150",94-C,,,,,13681,St Lawrence,NY,North Country,Cancelled,,20,60,60,86198,103437,,,POINT (-75.393365 44.41561)
01/18/2024,Tier 1,Newport Solar Farm,RESRFP21-1,,,Solar,New,,Newport Deerfield Solar LLC,Boralex,,,Mohawk Valley,,"1,178",94-C,,,,,13502,Oneida,NY,Mohawk Valley,Cancelled,,20,130,130,244842,293810,,,POINT (-75.2472726 43.1010822)
01/18/2024,Tier 1,Roosevelt Solar,RESRFP21-1,,,Solar,New,,Emeren US LLC,Emeren Group Ltd.,2,8,North,,"1,212",SEQR,,,,,13662,St Lawrence,NY,North Country,Cancelled,,20,19.9,19.9,39397,47276,,,POINT (-74.88778 44.93404)
01/18/2024,Tier 1,Scotch Ridge Solar,RESRFP21-1,,,Solar,New,,"Scotch Ridge Solar, LLC",Nexamp,,,Capital,,"1,227",94-C,,,,,12056,Schenectady,NY,Capital Region,Cancelled,,20,20,20,40296,48355,,,POINT (-74.1321236 42.7626158)
01/18/2024,Tier 1,Columbia Solar Energy Center,RESRFP21-1,,,Solar,New,,"Columbia Solar Energy Center, LLC",EDF Renewables Development,20,80,Mohawk Valley,,857,94-C,http://documents.dps.ny.gov/public/MatterManagement/CaseMaster.aspx?MatterCaseNo=19-F-0639,,,,13357,Herkimer,NY,Mohawk Valley,Cancelled,,20,350,350,646926,776311,,,POINT (-75.043565 43.014355)
01/18/2024,Tier 1,Rich Road Solar Energy Center,RESRFP21-1,,,Solar,New,,"Rich Road Solar Energy Center, LLC",EDF Renewables Development,20,80,Mohawk Valley,,800,94-C,https://orespermits.ny.gov/Public/MatterManagement/CaseMaster.aspx?MatterSeq=64955&MNO=22-00031,,,,13617,St Lawrence,NY,North Country,Cancelled,,20,240,240,456221,547465,,,POINT (-75.1666049 44.5958034)
01/18/2024,Tier 1,Ridge View Solar Energy Center,RESRFP21-1,,,Solar,New,,"Ridge View Solar Energy Center, LLC",EDF Renewables Development,20,80,West,,859,94-C,http://documents.dps.ny.gov/public/MatterManagement/CaseMaster.aspx?MatterCaseNo=19-F-0641,,,,14067,Niagara,NY,Western New York,Cancelled,,20,350,350,665322,798386,,,POINT (-78.57407 43.195095)
01/18/2024,Tier 1,Stern Solar,RESRFP21-1,,,Solar,New,,"Stern Solar, LLC",CS Energy,,,Capital,,"1,198",SEQR,,,,,12154,Rensselaer,NY,Capital Region,Cancelled,,20,19.99,19.99,41700,50040,,,POINT (-73.585035 42.90228)
01/18/2024,Tier 1,Yellow Barn Solar,RESRFP21-1,,,Solar,New,,"Yellow Barn Solar, LLC",CS Energy,,,Central,,"1,009",94-C,https://orespermits.ny.gov/Public/MatterManagement/CaseMaster.aspx?MatterSeq=64972&MNO=23-00048,,,,14882,Tompkins,NY,Southern Tier,Cancelled,,20,160,160,299886,359863,,,POINT (-76.4983209 42.5355856)
01/18/2024,Tier 1,York Run Solar,RESRFP21-1,,,Solar,New,,"York Run Solar, LLC",CS Energy,,,West,,"1,151",94-C,https://orespermits.ny.gov/Public/MatterManagement/CaseMaster.aspx?MatterSeq=64973&MNO=23-00049,,,,14701,Chautauqua,NY,Western New York,Cancelled,,20,90,90,174520,209424,,,POINT (-79.238355 42.099115)
01/18/2024,Tier 1,Alfred Oaks Solar,RESRFP21-1,,,Solar,New,,"Alfred Oaks Solar, LLC",Northland Power,20,40,Central,,"1,096",94-C,https://orespermits.ny.gov/Public/MatterManagement/CaseMaster.aspx?MatterSeq=64954&MNO=22-00030,,,,14806,Allegany,NY,Western New York,Cancelled,,20,100,100,183960,220752,,,POINT (-77.7945 42.15764)
01/18/2024,Tier 1,Hemlock Ridge Solar,RESRFP22-1,,,Solar,New,,Hemlock Ridge Solar LLC,AES Corporation,,,Genesee,,950,94-C,,,,,14103,Orleans,NY,Finger Lakes,Under Development,2026,20,200,200,388944,466733,,,POINT (-78.39127 43.21902)
01/18/2024,Tier 1,Oxbow Hill Solar,RESRFP22-1,,,Solar,New,,Cypress Creek Renewables,Cypress Creek Renewables,,,Mohawk Valley,,805,94-C,,,,,13035,Madison,NY,Central New York,Cancelled,,20,140,140,257544,309053,,,POINT (-75.85363 42.93284)
01/18/2024,Tier 1,Riverside Solar,RESRFP22-1,,,Solar,New,,"Riverside Solar, LLC",AES Corporation,,,Mohawk Valley,,882,94-C,,,,,13622,Jefferson,NY,North Country,Under Development,2028,20,100,100,201480,241776,,,POINT (-76.1369077 44.0657259)
01/18/2024,Tier 1,Somerset Solar,RESRFP22-1,,,Solar,New,,"Somerset Solar, LLC",AES Corporation,,,West,,"1,079",94-C,,,,,14012,Niagara,NY,Western New York,Under Development,2026,20,125,125,226665,271998,,,POINT (-78.55375 43.33009)
01/18/2024,Tier 1,SunEast Hampton Corners Solar,RESRFP22-1,,,Solar,New,,Cordelio Power,Cordelio Power,,,West,,"1,092",94-C,,,,,14462,Livingston,NY,Finger Lakes,Cancelled,,20,19.99,19.99,42727,51272,,,POINT (-77.7697987 42.6646563)
01/18/2024,Tier 1,SunEast Millers Grove Solar,RESRFP22-1,,,Solar,New,,Cordelio Power,Cordelio Power,,,Mohawk Valley,,"1,047",94-C,,,,,13340,Herkimer,NY,Mohawk Valley,Cancelled,,20,19.99,19.99,39926,47911,,,POINT (-75.068965 43.033565)
01/18/2024,Tier 1,SunEast Morris Solar,RESRFP22-1,,,Solar,New,,Cordelio Power,Cordelio Power,,,Mohawk Valley,,"1,039",94-C,,,,,13642,St Lawrence,NY,North Country,Cancelled,,20,19.99,19.99,41502,49802,,,POINT (-75.467785 44.33556)
01/18/2024,Tier 1,SunEast Niagara Solar,RESRFP22-1,,,Solar,New,,Cordelio Power,Cordelio Power,,,West,,592,94-C,,,,,14011,Wyoming,NY,Finger Lakes,Under Development,2024,20,19.99,19.99,33797,40556,,,POINT (-78.280085 42.86402)
01/18/2024,Tier 1,Valcour Altona Windpark,RESRFP22-1,,,Land Based Wind,Existing,Repower,"Valcour Altona NewCo, LLC",AES Corporation,,,North,323606,,94-C,,,,,12910,Clinton,NY,North Country,Under Development,2027,20,97.5,97.5,219504,263405,,,POINT (-73.65417 44.888405)
01/18/2024,Tier 1,Valcour Bliss Windpark,RESRFP22-1,,,Land Based Wind,Existing,Repower,"Valcour Bliss NewCo, LLC",AES Corporation,,,West,323608,,94-C,,,,,14024,Wyoming,NY,Finger Lakes,Under Development,2027,20,100.5,100.5,261473,313768,,,POINT (-78.254915 42.57816)
01/18/2024,Tier 1,Valcour Chateaugay Windpark,RESRFP22-1,,,Land Based Wind,Existing,Repower,"Valcour Chateaugay NewCo, LLC",AES Corporation,,,North,323614,,94-C,,,,,12923,Clinton,NY,North Country,Under Development,2027,20,106.5,106.5,260290,312348,,,POINT (-73.9322061 44.9552406)
01/18/2024,Tier 1,Valcour Clinton Windpark,RESRFP22-1,,,Land Based Wind,Existing,Repower,"Valcour Clinton NewCo, LLC",AES Corporation,,,North,323605,,94-C,,,,,12923,Clinton,NY,North Country,Under Development,2027,20,100.5,100.5,226258,271510,,,POINT (-73.9322061 44.9552406)
01/18/2024,Tier 1,Valcour Ellenburg Windpark,RESRFP22-1,,,Land Based Wind,Existing,Repower,"Valcour Ellenburg NewCo, LLC",AES Corporation,,,North,323604,,94-C,,,,,12923,Clinton,NY,North Country,Under Development,2027,20,81,81,214997,257996,,,POINT (-73.9322061 44.9552406)
01/18/2024,Tier 1,Valcour Wethersfield Windpark,RESRFP22-1,,,Land Based Wind,Existing,Repower,"Valcour Wethersfield NewCo, LLC",AES Corporation,,,Central,323626,,94-C,,,,,14066,Wyoming,NY,Finger Lakes,Under Development,2027,20,126,126,334439,401327,,,POINT (-78.13412 42.64708)
01/18/2024,Tier 1,White Creek Solar,RESRFP22-1,,,Solar,New,,White Creek Solar LLC,AES Corporation,,,Genesee,,777,94-C,,,,,14533,Livingston,NY,Finger Lakes,Under Development,2026,20,135,135,268450,322140,,,POINT (-77.8970984 42.8262)
01/18/2024,Tier 1,Clear View Solar,RESRFP22-1,,,Solar,New,,Clear View Solar LLC,VC Renewables LLC,,,Central,,"1,003",94-C,,,,,14808,Steuben,NY,Southern Tier,Under Development,2025,20,19.99,19.99,42377,50852,,,POINT (-77.4742866 42.5552273)
01/18/2024,Tier 1,Hatchery Solar,RESRFP22-1,,,Solar,New,,Hatchery Solar LLC,VC Renewables LLC,,,Central,,932,94-C,,,,,14423,Livingston,NY,Finger Lakes,Under Development,2025,20,19.99,19.99,40976,49171,,,POINT (-77.8498331 42.9703172)
01/18/2024,Tier 1,Stonewall Solar,RESRFP22-1,,,Solar,New,,"Stonewall Solar, LLC",Nexamp,20,80,Mohawk Valley,,"1,229",94-C,,,,,13757,Delaware,NY,Southern Tier,Under Development,2026,20,145,145,283255,339906,,,POINT (-74.89129 42.42598)
01/18/2024,Tier 1,Mineral Basin Solar,RESRFP22-1,,,Solar,New,,"Mineral Basin Solar Power, LLC",Swift Current Energy,,,Central,,"1,080",94-C,,,,,16830,,Pennsylvania,,Under Development,2026,20,401.64,401.64,731820,878184,,,POINT (-78.44163 41.025125)
01/18/2024,Tier 1,Gravel Road Solar,RESRFP22-1,,,Solar,New,,"Gravel Road Solar, LLC",Delaware River Solar,,,Central,,"1,236",94-C,,,,,13148,Seneca,NY,Finger Lakes,Under Development,2026,20,128,128,224256,269107,,,POINT (-76.795365 42.91278)
01/18/2024,Tier 1,North Country Wind,RESRFP22-1,,,Land Based Wind,New,,"NY North Country, LLC",Terra-Gen,,,North,,866,94-C,,,,,12917,Franklin,NY,North Country,Cancelled,,20,298.2,298.2,919506,1103407,,,POINT (-74.169135 44.90472)
01/18/2024,Tier 1,Dolgeville Hydro,RESRFP22-1,,,Hydroelectric,Existing,Return to Service,EONY Generation Limited,EONY Generation Limited,,,Mohawk Valley,23807,,,,,,,13329,Herkimer,NY,Mohawk Valley,Under Development,,20,5,5,17170,20604,,,POINT (-74.77389 43.10185)
01/18/2024,Maintenance,Azure Mountain,RPS Maintenance,20.00,,Maintenance Hydroelectric,,,,,,,Mohawk Valley,,,,,,,,12980,Franklin,NY,North Country,Completed,2013,10,,0.8,2500,2500,,,POINT (-74.5444923 44.6751788)
01/18/2024,Maintenance,Boralex Chateaugay,RPS Maintenance,26.00,,Maintenance Biomass,,,,,,,North,,,,,,,,12920,Franklin,NY,North Country,Completed,2006,10,,21,128000,128000,,,POINT (-74.07652 44.925855)
01/18/2024,Maintenance,Lyonsdale,RPS Maintenance,16.00,,Maintenance Biomass,,,,,,,Mohawk Valley,,,,,,,,13368,Lewis,NY,North Country,Completed,2008,7,,,,,,,POINT (-75.3653622 43.6197333)
01/18/2024,Maintenance,Lyonsdale Biomass,RPS Maintenance,33.49,,Maintenance Biomass,,,,,,,Mohawk Valley,,,,,,,,13368,Lewis,NY,North Country,Completed,2015,3,,22,131238,131238,,,POINT (-75.3653622 43.6197333)
01/18/2024,Tier 2,Baldwinsville,T2RFP21-1,7.40,,Hydroelectric,,,Erie Boulevard Hydropower LP,Brookfield Renewable Trading and Marketing LP,,,Central,,,,,,,,13027,Onondaga,NY,Central New York,Operational,2021,3,,0.6,2693,2693,,,POINT (-76.29835 43.18518)
01/18/2024,Tier 2,Moose River Hydro,T2RFP21-1,7.97,,Hydroelectric,,,EONY Generation Limited,EONY Generation Limited,,,Mohawk Valley,,,,,,,,13368,Lewis,NY,North Country,Operational,2021,3,,12.2,53598,53598,,,POINT (-75.3653622 43.6197333)
01/18/2024,Tier 2,Talcville,T2RFP21-1,8.00,,Hydroelectric,,,Erie Boulevard Hydropower LP,Brookfield Renewable Trading and Marketing LP,,,Mohawk Valley,,,,,,,,13635,St Lawrence,NY,North Country,Operational,2021,3,,1.1,4075,4075,,,POINT (-75.254482354 44.323997847)
01/18/2024,Tier 4,Champlain Hudson Power Express (CHPE),T4RFP21-1,,,https://chpexpress.com/,,,H.Q. Energy Services (U.S.) Inc.,"Transmission Developers, Inc. (backed by Blackstone) and Hydro-Qubec",,,,,,Article 7,,,https://documents.dps.ny.gov/public/MatterManagement/CaseMaster.aspx?MatterCaseNo=10-T-0139,https://chpexpress.com/overview-of-public-documents/permits/,,,,,Under Development,2026,25,,,10402500,,,1250,
01/18/2024,Tier 4,Clean Path NY (CPNY),T4RFP21-1,,,https://www.cleanpathny.com/,,,Clean Path New York LLC,Forward Power (a joint venture of Invenergy and energyRe) and the New York Power Authority,1168,,,,,Article 7,,,https://documents.dps.ny.gov/public/MatterManagement/CaseMaster.aspx?MatterCaseNo=22-T-0558,https://www.cleanpathny.com/public-documents,,,,,Under Development,2027,25,,,7870865,,,1300,
01/18/2024,Maintenance,Black Brook Hydro_October 2021 Award,Tier 2 - Maintenance,22.57,,Maintenance Hydroelectric,,,,,,,North,,,,,,,,12912,Clinton,NY,North Country,Operational,2021,3,,0.64,1851,1851,,,POINT (-73.67739 44.444075)
01/18/2024,Maintenance,Finger Lakes,Tier 2 - Maintenance,12.64,,Maintenance Hydroelectric,,,,,,,Central,,,,,,,,14850,Tompkins,NY,Southern Tier,Completed,2019,3,,0.15,625,625,,,POINT (-76.5001 42.444575)
01/18/2024,Maintenance,Kayuta Lake Hydro,Tier 2 - Maintenance,11.62,,Maintenance Hydroelectric,,,,,,,Mohawk Valley,,,,,,,,13338,Oneida,NY,Mohawk Valley,Completed,2018,3,,0.46,1897,1897,,,POINT (-75.202225 43.43901)
01/18/2024,Maintenance,Kayuta Lake Hydro _July 2021 Award,Tier 2 - Maintenance,18.88,,Maintenance Hydroelectric,,,,,,,Mohawk Valley,,,,,,,,13338,Oneida,NY,Mohawk Valley,Operational,2022,3,,0.46,1681,1681,,,POINT (-75.202225 43.43901)
01/18/2024,Maintenance,Long Falls - Ampersand,Tier 2 - Maintenance,,,Maintenance Hydroelectric,,,,,,,Mohawk Valley,,,,,,,,13619,Jefferson,NY,North Country,Under Development,,3,,0.33,,8006,,,POINT (-75.6114334 43.9800463)
01/18/2024,Maintenance,Lyons Falls Hydro,Tier 2 - Maintenance,7.80,,Maintenance Hydroelectric,,,,,,,Mohawk Valley,23570,,,,,,,13368,Lewis,NY,North Country,Completed,2019,3,,8.59,42590,42590,,,POINT (-75.3653622 43.6197333)
